group,CD33,HLA-ABC,CD45RA,CD7,CD16,CD45RO,CD294,CD31,CD5,CD183,CD69,KLRG1,CD27,CD95,HLA-DR,CD57,CD244,CD18,CD28,CD38,CD127,CD52,CD49f,TIGIT,Podoplanin,CD35,CD11a,CD169,CD268,CD54,CD29,CD81,CD26,CD49d,CD73,CD305,CD158b,Phospho-Tau,CD94,CD85j,CD82,CD360,CD224
critical,0.0969637580360798,0.176201267263499,-0.151857934961401,-0.500455327837817,0.117417722378863,-0.154745664506578,-0.139542379626561,-0.414727822564618,-0.358390805703922,-0.22652077251581,-0.109701907648558,0.734835665199935,-0.469998981935332,0.102662743718558,0.0155217455733591,0.36865450892638,0.466104701892985,0.453306535853589,-0.453698323999105,-0.11514778093695,-0.42165830261331,-0.260966212457067,-0.291392658178481,-0.20431007696764,-0.1423659260391,-0.17385037786032,0.547981893696816,-0.185625649718625,-0.211152862993809,0.184448946227672,0.275306286350911,-0.037783326441573,-0.445279499112375,0.488352886843287,-0.599832727205111,0.12002889015025,-0.11215494059473,-0.190624192442289,0.384737699859738,0.105476916417931,-0.185585734180149,-0.171596013028507,-0.0215090351693088
critical,0.0452648256135549,-0.217282010477698,0.133655815023491,0.601099640471538,-0.204260335376988,0.0490303491084538,-0.0130533738063654,0.464537911832405,0.354073626659049,0.125708346128055,0.0235093111541197,-0.634104866346631,0.558977135451828,-0.229751707257403,-0.0555980072930893,-0.607084021259163,-0.551535999642353,-0.319328865492711,0.591709796903904,0.0094297620557883,0.358385226731063,0.241603258030066,0.31826381858918,0.0016699528069056,0.035373601913647,0.114843405586654,-0.544344824226035,-0.000495962160453,0.125279927545666,-0.188882878354931,-0.439422404009709,0.0207798371215862,0.596017944390845,-0.50323316525422,0.590433543880949,-0.173436311331774,-0.0391228410291794,-0.0373764617594479,-0.46991168310623,-0.135181351204364,0.111235697413456,0.0321636406953472,-0.0203516664219364
critical,-0.118993559037905,-0.389219841002531,0.292397466605223,0.321906134230094,-0.105917747748952,-0.305690934689216,-0.10789647904072,0.162988904125737,0.207901163051673,-0.107293873900009,-0.0736279544496243,-0.422369479040718,0.306165815724278,-0.511055510315902,-0.428423505894792,-0.196101287946965,-0.490003314898513,-0.354202031448917,0.147461206861532,-0.518217603337837,0.575816907569617,-0.0376307855977024,0.0446922119133218,-0.17795619603935,-0.0580907324373702,-0.118717133036435,-0.554305164816657,-0.130429541540253,-0.0258653875680406,-0.226936327344286,-0.447840672607744,-0.266423219122825,0.0914966933025069,-0.559617170009491,0.483544582064733,0.121673863448895,-0.152716803780396,0.0225566851443306,-0.21753553053543,-0.137223379263794,-0.0983329391083516,0.0408049350873682,-0.162563237650122
critical,-0.188887339310917,-0.279090729016189,0.107855593288777,-0.0016948993846494,-0.264038675264696,-0.140312058148443,-0.0668038755090935,-0.0467301643334362,0.184424704554101,-0.0585988697130592,-0.145149380157216,-0.441825352640147,0.213629858388298,-0.23250611193822,-0.236292142395072,-0.0766322161803336,-0.469956949047511,-0.215257167342897,0.168593707204915,-0.359049202657927,0.265693329131596,-0.0158366042775274,0.127565673479795,-0.112446245766577,-0.0215193164727259,0.0304883234737384,-0.454417438530251,-0.0806186098824844,0.0467714697782758,-0.195413694507463,-0.156026435700604,-0.240729227609759,0.224285233390874,-0.314055445097314,0.294950839427734,0.0536963837999482,-0.131477433476872,-0.0941242897018493,-0.304045507977213,-0.0332261000923787,0.130002565646959,0.0012407350486655,-0.12729943250374
critical,-0.0400590831602173,-0.264927438156186,-0.343369052819535,-0.0343386958622661,-0.196049715473368,-0.027204282602236,-0.238050440717806,-0.181788781924,0.0075904151473808,-0.157081162146579,-0.112873153022676,-0.263294797193413,-0.20102621924401,-0.129911597742038,-0.26134108215035,-0.012384860862979,-0.441001928476923,0.0852974037415694,0.243625415981319,-0.200692864115091,0.23460487253237,-0.0230188408051976,0.215579697008428,-0.275845536555698,-0.215013353523325,-0.0955120458818727,-0.285851730357448,-0.237509286665943,-0.135309997333443,0.0248151116837693,-0.0722773553422863,-0.17148810219956,0.369922994063711,-0.25523696211389,0.0681631965920571,-0.202066956778525,-0.272725613754213,-0.260903669865192,-0.27821249119691,-0.175796731782785,0.0685174642458242,-0.2374331251478,0.0952708242101118
critical,-0.0338771619251179,-0.364217514562352,0.214590552993219,0.25750093849057,-0.118324932264062,-0.231718426056754,-0.157211521412553,0.0664191440874352,0.186037284186709,-0.119854621992664,-0.163059270183916,-0.618525928738163,0.331368644246658,-0.296206402245132,-0.190971652108791,-0.403362994018133,-0.578315230816925,-0.352514145624653,0.175528129418903,-0.335044082159198,0.0454863123435071,0.0395147718944347,0.129174590458359,-0.199231987034645,-0.171122507698475,-0.226999051177516,-0.508487175276464,-0.0652783764605425,-0.0611987546711291,-0.334826340028102,-0.252389264036407,-0.223663002808804,0.239466833072967,-0.468878110667229,0.214506092189651,-0.0375258999962521,-0.202727328728283,-0.0686754963194706,-0.314304049597944,-0.154907310354492,-0.0544701073511582,-0.0385223811524894,-0.201348722373856
critical,-0.24279008976807,-0.0480598362178918,-0.113767342557341,0.0819446709343266,-0.0195320126362232,0.02289372882767,-0.278595325221994,-0.241982682306162,-0.109779120646511,-0.236548140353344,-0.043255405513859,-0.0554263030620893,-0.11520970526462,-0.120114416561143,0.0582855722077147,-0.0855938665849802,-0.0892183677012984,-0.0766950246456342,-0.15202229406152,-0.093896094762886,-0.0381930020685598,-0.196908170223371,-0.0768743561632553,-0.121530555652345,-0.0339832413011129,-0.181293405377491,-0.0728529908989421,-0.1732133321331,-0.184555586413096,0.0082379545121018,-0.110959296541358,0.0347985558638126,-0.0973092273019932,0.0325037005763368,-0.0595189996258167,0.0981426014021516,-0.0950536952764834,-0.126013667379025,0.0340197786941426,-0.303693040284122,-0.0803669239228526,-0.0481349257707806,-0.0512788181540169
critical,-0.170386478704112,-0.34557395193317,-0.289191108130025,-0.135990262188596,-0.357411713843354,-0.115987597111635,-0.129327301534596,0.167702086134666,0.660507193894677,-0.138929227402135,-0.109176843923803,-0.41682795349913,0.436942967510791,-0.157650697842503,0.0149574190316549,-0.597264038526301,-0.598291785277396,-0.425734690711193,0.540289422413728,-0.204844478403608,0.629486973726744,0.133082947614728,0.0672376712064792,-0.41105857251714,-0.216675451697703,0.042507914314611,-0.496683264800473,0.0028460040208456,-0.0207358053068954,-0.355254772393876,-0.168621049785122,-0.400152186460356,0.502483854826255,-0.37293113569244,0.321801326543588,-0.0366165375119186,-0.208587918826222,0.0444558026598991,-0.599681692141022,-0.369172651377023,-0.0534198350457732,-0.141291207768863,-0.0181920300616587
critical,0.318186544383288,-0.140522201341645,-0.198222538792436,-0.168446820662934,0.266120250514546,0.131160414213066,0.0993237786876952,0.244000758809027,-0.0158543490720535,0.0196232485365546,0.338536887997697,0.160942924341046,-0.370684929202439,0.0917727160510509,-0.258071007493071,0.272172856545142,0.300876674755747,0.0733750179201677,0.0092427129346981,-0.0398533923081737,0.0868163183989092,-0.14049156531272,-0.0453198597782967,0.196861452324167,0.404565870772145,0.19393697629336,0.283881754396138,0.156864533674735,0.161019667623705,0.211642910632958,0.114675534159372,0.133793728155121,-0.250480155313496,-0.0748975843658159,0.044274016860336,-0.0299001956290788,0.089306192608912,0.185200271969503,0.165450256432712,0.114709773464856,0.0260657389964972,-0.0382448510082836,-0.104583400533213
critical,-0.0642683369799567,0.193006169027841,-0.390561919758569,-0.694721782416148,-0.0591927951829123,0.33963741080115,-0.132196152111965,-0.297191740594762,-0.445156751970326,-0.250421180983633,0.0514820950195018,0.620250402257988,-0.621560513494837,0.580971832114978,0.383139293083735,0.260072202296727,0.644327056010172,0.57291851262474,-0.325830023668406,0.171928648133679,-0.632254763045696,-0.538864759500705,0.207849859073131,0.452894412602699,-0.0751757589324076,-0.136188418423547,0.683489357031746,-0.123407931493102,-0.0793903518103049,0.473474117883284,0.46998993991989,0.376706452152132,-0.416449372508343,0.547056229823194,-0.690013096609136,-0.182616460550254,-0.114657022342003,-0.109767048661806,0.202834165132884,0.106279857960323,-0.0330963195616026,-0.253684043891013,0.213163727021854
critical,-0.0195343539281226,-0.0427711592917134,0.21247641409312,0.0845543794253599,-0.0881098729315788,-0.262689160781141,0.0031752313747569,0.248926038298218,0.391286117536693,0.0206408882107963,-0.0200721349825279,-0.0432983150575944,0.364058156128467,-0.281688554372665,-0.310375340445709,0.10969193619281,-0.139285683093138,-0.140279761534099,0.16413116958267,-0.198259063759832,0.416452203239917,0.232734646646653,0.150847713759103,0.142772746022707,0.0670112056680252,0.089902400903336,-0.309507329462884,0.121275873915094,0.100523919293023,-0.299292234663443,-0.198912186880536,0.247337566472154,0.192372534655176,-0.266732880072863,0.35205263056969,0.120399249635177,0.170158094792543,0.254369635737231,-0.458598449352768,0.197500543467172,0.0189356573107694,0.0003442163025865,-0.27876951942657
critical,0.16381799238574,-0.265169595440982,-0.0643436118232119,-0.0559090170633624,-0.061175156290994,0.0394549896536039,0.199649232270558,0.315174459390316,0.280127030488091,-0.0372047764324112,0.0428739920854168,-0.258253246730318,0.169416531676112,-0.379065360458878,-0.164162743443503,0.16414542931338,-0.192005419203264,-0.266188504801484,0.159819423678669,-0.262696681993432,0.3812651638907,0.212691282974721,0.325612601614707,-0.195701345672778,-0.0641872147213219,-0.211515197915711,-0.267347864259983,0.254247538759045,0.204817402508697,-0.231663558766494,0.224345025031751,-0.119806060585054,0.119312964206773,-0.153820450715905,0.542088896504561,-0.0914869027039944,-0.260862769052355,0.0220976318611884,-0.12586843261804,0.171741559884517,0.075146528763464,-0.0191051554652922,0.130489412155744
critical,-0.0389860478717357,-0.278390034283537,0.0512576358039646,0.0351519415798876,-0.131078231645221,-0.103249049418982,0.0735861321159705,-0.0803423961201283,-0.159177046142501,0.13990683796931,-0.0458911249420976,-0.595361147410642,0.211287783114116,-0.0925637727390795,-0.0142290709284972,-0.347926896912585,-0.478530033909982,-0.396431104763664,0.283781533515094,0.056781325998886,0.280624196553502,-0.048985879912374,0.0262378025447368,0.0232099944527932,0.0852132720932187,0.0692752094832322,-0.559276263986331,0.0960927815423668,0.160953511234345,-0.16598339495055,-0.203427317716764,-0.437538322994442,0.145995388532007,-0.290624893629824,0.357952575592381,-0.0051644249402846,0.130956547236417,0.0907026502643257,-0.254273357472035,-0.0841143146428348,0.0670571693546588,0.10200776858991,-0.0706542571419291
critical,-0.0247650614732191,0.468439057795651,0.616272001621979,-0.217729575556902,-0.0850328893963617,-0.245556596844788,0.0974757322552699,0.468050118622546,-0.407653514455061,0.0178387253995312,0.709233732355935,0.706909148116373,-0.630883079374373,0.629243103028639,0.569893831769113,0.118615255526818,0.721486242794839,0.120477302871809,-0.195216405749887,-0.0541460203426975,-0.550875214159128,-0.288717545291115,-0.418846761932991,0.672654801147038,0.132174314809813,0.0453393594031297,0.370299540077468,0.131118183115065,0.0488798530226245,0.758391628327382,-0.143737896928447,0.495749153832299,-0.537594833931941,-0.311643235255893,-0.544932981100205,-0.698664878058556,0.0800850029443691,-0.0224032024249119,0.426359465040177,0.0199711819188851,-0.175888797706689,0.47719663194844,0.612625843572483
critical,0.172313007611003,0.0786919131841717,-0.0106951871657754,0.234871041676116,0.168217037048752,0.264091077458148,0.551773416013343,-0.0343125381472049,0.376629910719002,0.567218358142229,-0.488194089566367,-0.405249554747186,0.49470735014361,-0.299807759727732,0.0609154661979428,-0.0247326203208556,-0.549498450688138,-0.15972806184179,0.504651111146255,0.333751765706038,0.345861419887993,0.0734236751134434,0.002674020231614,0.293576594842963,0.569374822862371,0.623683223654068,-0.363332401138984,0.558782603177025,0.6002314345888,-0.353285448220335,-0.321626603844731,-0.366787207635331,0.19170920437507,0.0372785042566966,0.353477685975564,0.0025089916111894,0.244844718078768,0.64776948386271,-0.623201408763168,0.104592681257739,0.246568808785428,0.152918364866118,-0.254308355767458
critical,-0.0086968643312571,-0.404545427014993,-0.34560829769187,0.205843080326457,-0.155606862522035,0.198392119763576,0.208394124695719,-0.146359563813945,0.326565084158522,0.170328953536366,0.0951601868022562,-0.327862089318934,0.331617593692376,0.0277073238615536,-0.261243137749473,-0.294445058644543,-0.573922156098022,-0.213414790721051,0.605652246383139,-0.444281691315157,0.589611145714461,0.190550082460706,0.440938632363522,-0.0205199350489055,0.12914932323217,0.0805468432426412,-0.488562425857445,0.170545761487942,0.157086953122378,-0.146435100075909,-0.0850493493456535,-0.14896901817001,0.564489577560535,-0.304165588679242,0.43745296911139,-0.044120814214071,0.114419380638472,0.18589876224866,-0.378292924879249,0.0116493858669703,0.294632821998731,0.0546473221808799,0.184092155449959
critical,-0.0251317117501897,-0.125328597136053,-0.240523387238054,0.0018560798026881,-0.113106109045715,0.238166725291593,0.123524377199713,-0.0037085579282012,0.231712929685708,0.135367784012031,0.167936293049726,-0.197235259104959,0.067664935202484,0.110698689505458,-0.0496578382364316,-0.165137887317299,-0.244787462629232,-0.139350982249385,0.297400286286708,-0.171735797708201,0.32238386464426,0.0296190463738008,0.396504636803664,0.123745634840477,0.269001595293845,0.189758436859506,-0.254570227236857,0.089656359012755,0.162038579973898,0.0493554285531872,0.0213257050259211,-0.143505496213038,0.398010455529792,-0.131510571645246,0.156174327942083,-0.0745898547558646,0.109827165430749,0.165509763561244,-0.0531004735904662,0.0059882182453251,0.277492929449413,0.0536704778401105,0.209290938455733
critical,0.0432617998054285,0.0135413740180361,0.599709491802471,0.34202577460941,0.211588866044789,-0.367342409952292,0.181701563013035,0.44321445008178,0.0124092964731439,0.138431070976041,0.257470421809929,-0.197063841971306,0.382307739413574,-0.10126998443231,0.128351191440969,-0.0751827316562495,-0.0916469598832451,-0.0738761532139169,0.0796112653599332,0.267523428543106,-0.0276311754201857,-0.110265119436233,0.13024669513169,0.25533164216335,0.0313527485954691,0.112543402494455,0.103301541435949,0.148637337434585,0.195282353250307,0.0343548662115906,-0.0220160009304978,0.0613038054167957,0.0023107886327414,-0.093789861362286,0.427887355826219,0.289246681430701,0.487717310737059,0.300328881068537,0.0579157636778153,-0.05088791553932,-0.064602075801812,0.396888448932821,-0.371395961865381
critical,-0.133846279054254,-0.189209909533221,-0.0173015335156241,0.450094190557495,-0.200128444201069,0.135847120191256,-0.0144813988444286,0.289149202275988,0.093512655789111,0.0475718443795018,0.102997554596049,-0.419116349807526,0.212443498003294,-0.009009566774586,0.059210624437531,-0.375123032923088,-0.361840929854658,0.0409060130717048,0.429358827181271,-0.0882649583235402,0.247352334812823,0.142014275364175,0.278882824212877,0.0843491614675912,-0.0542505861949239,-0.120095691313899,-0.0871758606510441,-0.0183781523205749,-0.0574480421931181,-0.0145462782016125,-0.0871179931403482,-0.102285433040287,0.279135606322638,-0.294938783525408,0.0826308187332424,-0.0540649931362269,0.0561518738053992,0.0063819704695713,-0.263229313076889,-0.278501171659606,0.233906561500013,0.086050443035353,0.0947414053403224
critical,0.0631646006631641,0.033665200330004,0.251443185225186,-0.428067177061647,0.253830160450445,-0.152510297673091,0.068932136161542,-0.260669931635115,-0.22047249661443,-0.0487422224925925,-0.10159535003687,0.345654549075871,-0.0760441073457011,0.169797910227125,0.280908649796228,0.345322247074057,0.436956431232691,0.0653763227815246,-0.448681808193675,0.340044056462394,-0.363165069641382,-0.305677627507942,-0.492319850559795,0.124241524177147,0.0609962860986206,0.090017912110885,0.186048567731293,0.0838869231246921,0.013936612008382,-0.0169424873533697,0.0077864475769604,0.105671319982934,-0.52603371332335,0.313386135220512,-0.258445149839912,0.0488672505506686,0.0289843122859321,-0.04337633857789,0.349554247428168,0.234259504405486,-0.299872424058845,0.0921581113766118,-0.199282332249596
critical,-0.0687796426572953,-0.189665568550808,-0.105688229221624,0.250138963931128,-0.105647003634072,0.0481989577937709,-0.0466614878181154,0.269704827259208,-0.0231732618977868,-0.072613657675421,0.0437815390934765,-0.366577391528075,0.201954193386984,-0.0949425784107727,0.0579260958994674,-0.44444565822388,-0.436588642752046,0.117636504342303,0.327905007249609,0.0444654980656666,0.2353641365803,-0.0412277521162633,0.127286997086286,-0.062730819057237,-0.109017256939818,-0.0271655841281705,-0.0986434727449703,-0.138529264244323,-0.0224418206944914,-0.0009593501574294,-0.0678434006499891,-0.157935607775752,0.320420787898873,-0.0397990643635761,0.207086390462618,-0.0143134362196206,-0.135789652514887,-0.106126796517886,-0.437910805184164,-0.340305374813971,-0.0093795677316831,-0.0793677515842015,0.0230194789872542
critical,-0.632615584190021,-0.0497333086334206,0.0986063452239544,0.661284417337601,-0.136076878138387,-0.182034781961166,-0.277819493320291,0.182996268686215,0.106597563729635,-0.332586087349151,-0.0808365999034366,-0.365725539674775,0.560459017811048,-0.34332965035016,-0.0283848944503692,-0.228619462916515,-0.357493512953532,-0.375299077302663,0.166715251661902,-0.189068021195996,0.445899304283233,0.219402881479325,0.224558531902183,-0.431208238794721,-0.328333257779283,-0.295288275269446,-0.250017705458697,-0.436119494361859,0.0060205392718133,-0.268845340631733,-0.051431363492662,-0.369991752175771,0.16927432398996,-0.244689229402931,0.232482255860988,-0.362081342927455,0.0905838661176996,-0.418703948895099,-0.135477010858378,-0.621388308042362,-0.240910415163707,0.13587306414578,-0.283168963842417
critical,-0.132353024603453,-0.244363575365108,-0.156596728648937,0.510172200528628,-0.164264072003985,-0.328559872705407,-0.0782340246472604,-0.0555351877611445,0.145794288984074,-0.18144570316065,-0.216386934500633,-0.710122598492212,0.318292021384817,-0.392538153785509,-0.579791923838663,-0.404701143382904,-0.754742505485302,-0.455794103166346,0.296373793098728,-0.578837915725206,0.300899575354766,0.282438980675109,0.373015865293977,-0.395201826460198,-0.204493380429707,-0.0439112887881801,-0.614537448796163,-0.168541338916389,-0.0669186126658037,-0.433546835033511,0.0516349275909437,-0.255830786216615,0.341922084333581,-0.268777407690995,0.355300185959801,0.24619785376802,-0.142696906918585,-0.175043332374215,-0.368375893384775,-0.226626271863712,0.133145028687906,-0.179551489211518,-0.215175938092688
critical,0.0713075543892213,-0.392327513750641,-0.448894725974995,0.0430178143900033,-0.0757780089776641,0.184076955087347,-0.106164254086051,-0.191250230694102,-0.159130849004498,-0.171159523828418,0.0203001924898782,-0.361922326470524,0.0869725123267197,-0.0620126537673119,-0.0511629618517125,-0.165502650959197,-0.552754319728496,-0.100385005206102,0.284596113192404,-0.13969797008949,0.199916671127079,0.10239806448114,0.348317955611662,-0.221321317132201,-0.131800948207318,-0.0524086687661795,-0.347988201724085,-0.22777472510357,-0.0300676412331714,-0.13896790532229,0.0138035159176019,-0.398384251318837,0.297305922824642,-0.236931725285909,0.0360213493165418,-0.203859375824667,-0.0787084386940987,-0.154564040168176,-0.258584302863726,-0.325829677968892,0.101702575958832,-0.286373624930531,0.0348952096989529
critical,0.0243712253996852,-0.558865712069901,-0.802339961303758,0.248428138246565,-0.58376245539327,0.596991507792075,0.0573713771494291,-0.185077548193904,0.495368006442096,-0.233892174899848,0.0430318347409204,-0.767390112008631,0.58521778463347,0.342023023191894,-0.192008557441772,-0.726497185620303,-0.78949210735938,-0.0821795163212161,0.675788676255525,-0.477403271565529,0.652018094888822,0.677347467330579,0.675890077732242,-0.669797601852099,-0.245587278302095,-0.0525789476304468,-0.668777285194743,-0.0293821350845887,-0.14812046529968,-0.28717276529965,0.190452738624053,-0.627569548594202,0.802010702393113,-0.435831379126288,0.183477910072365,-0.213543347555606,-0.747522787210488,-0.174143385716169,-0.720857255475563,-0.337878975547272,0.620624345269,-0.570147185501193,-0.0157859693348796
critical,0.0391464411565669,-0.191144388905777,0.45661898438732,0.195002201019043,0.0941829041828566,-0.256331855381449,-0.0196343051392042,0.146630985500968,0.309987536154428,0.0958553135875088,-0.156146979052725,-0.334263037634093,0.278716036299642,-0.306900479509714,-0.0490369203462904,-0.209382457165797,-0.0979168165775534,-0.212680501480826,-0.0084242848192847,-0.077652441927816,0.190118329224168,0.15935030209606,-0.0570821040696854,-0.221178296593437,-0.0444762904575967,-0.0138734373816923,-0.292607778909005,-0.0231298608490822,0.121663644205352,-0.165645308602271,-0.239869534524268,-0.187219494439641,0.227895727545116,-0.260155389734253,0.371541925648732,0.0319634043666264,0.199186187375822,0.0303916555434938,-0.0561515550284279,0.138324581394579,-0.0991578530132169,0.350929626606868,-0.303841026222333
healthy,0.0850858471084129,-0.0487536383931596,0.169476961897365,0.339675365707224,-0.0029426185825485,-0.300861736488549,-0.0592557135949085,-0.348903721800848,-0.236552144202582,-0.0334356632037287,0.0078923044348282,-0.381019431800515,-0.0271900239502394,-0.41827916798628,-0.17712416962102,-0.236525944160902,-0.202442540476501,-0.237860282553984,-0.162242965848416,0.156545741193676,-0.0178062526633209,0.0272122264521882,0.0333274459181066,-0.304004396897632,0.0666555488828266,0.0452396110548194,-0.344565139533202,-0.0926728867287965,0.0653668672192177,-0.234693163645111,-0.125027731756219,-0.450510282065593,0.222174843102405,-0.250597066888921,-0.106309960528556,0.281643190107185,-0.222966045559986,-0.0930748276244126,0.108820028117923,-0.0981101227321671,-0.0717066451434075,0.001890704721973,-0.0912146942267331
healthy,0.141484298950801,-0.0894427427998435,-0.320391624864855,0.374497792427791,-0.320265504478115,0.271650083671277,-0.133342374926006,0.0430347507482809,-0.211106073173044,-0.0061314170482859,0.0542502057760757,0.430652482353032,0.295146565603191,0.0861285792359701,-0.118498118080456,-0.464885787884149,-0.284295223713015,-0.151502591323748,0.548826449679095,-0.171378545412229,0.485870980929601,0.0740149642247864,0.317819337464788,-0.141415571130832,-0.027871437154323,0.0756365642584616,-0.222348433917634,-0.0235641701392765,-0.0233844288686397,0.202688895307978,-0.16337772550557,0.130462769048795,0.494603221517278,-0.0509922911553035,0.103590924041684,-0.0295021878059565,0.0333039235178867,0.0185366224202526,-0.341558383256374,-0.362688387893268,-0.0596145319377344,-0.104842942656661,0.206394744029526
healthy,0.0889908542768679,0.171371617981496,-0.407464949955155,-0.390372030817051,-0.0682178873154234,0.209509983608645,-0.141715205705848,-0.403265824776115,-0.597743344460626,-0.253519911419211,-0.0611990928809803,0.422226129492604,-0.626992467675443,0.494864911581929,0.123310092477728,-0.025249150877534,0.46365318445714,0.328186360626588,-0.143327271493408,-0.0549225048350395,-0.400051055055321,-0.28235311974506,-0.058371978295122,0.225914204735919,0.0347021617621549,0.0444671704727356,0.370598063404835,-0.219992259333937,-0.0167879663145594,0.40925481625274,0.34309839668917,0.20651401018534,-0.324989438246747,0.399682312343407,-0.555751266955273,-0.358071505983037,-0.200790636896974,-0.122244875459368,0.126553271238293,-0.0044237992530185,0.0544849249850044,-0.27511945902357,0.384239841797709
healthy,0.158112619117395,0.0944864620526911,0.230414136061333,0.392351144622098,0.0873210918332396,-0.0018413223555312,0.33347240016062,0.303348352718453,0.117614194200295,0.368525849013264,0.327882865499192,0.0217032572750459,0.383317387893672,0.141570726400349,0.435116295810187,-0.173209692685142,-0.0330265472273979,0.0196811338183079,0.288892874998658,0.222761889345355,0.21977056383612,0.267416161475255,0.29648640508673,0.210452581322408,0.358118149576553,0.271239491449965,0.0823814404467512,0.347963280672021,0.283243861099017,0.29934590804807,0.0990708269028788,0.185570213348178,0.317128430877759,0.107346368449522,0.300022396144366,0.145700682369999,0.229981394436558,0.389244312907016,0.0187700483484175,0.0986838450612226,0.451137036861709,0.338861288316142,0.290189660079868
healthy,-0.0402831922951081,-0.117231103949816,0.109703889467396,-0.111878269461006,-0.0644992377410165,-0.174943833872215,-0.245440054061586,0.243973050260231,-0.262308195224901,-0.0747679414233727,-0.150232365767961,0.0967596143454209,0.0358127857587898,-0.211015784502604,-0.09574578439574,-0.0755873898260399,0.140248244146155,-0.175725823705696,-0.353558792494877,-0.0466162564916287,-0.252478091746037,-0.3761781299385,-0.269032313748215,-0.145415576258745,-0.253158706531622,-0.143610571683606,-0.002367613274695,-0.229887370513242,-0.0920643812939288,0.0572160814880993,-0.335097340621415,-0.0250291793502212,-0.282530418170926,-0.126951156144007,-0.134219961361238,0.0422557690041101,-0.152499665159386,-0.248402268273033,-0.0550232945983163,-0.197916481859586,-0.404749360355314,-0.0995492252080094,-0.319400196675652
healthy,-0.063755511639975,-0.116592143679712,-0.241342249923424,0.47146750750844,-0.181349283655535,0.105293819404823,-0.174828307276229,0.268044912624106,0.54497710895456,0.142042717254107,-0.120692952087026,-0.630099228771424,0.417490815042687,-0.199368624559488,-0.100185625651581,-0.59382307180145,-0.569364540575855,-0.203845683150751,0.472580657482089,-0.006007947735736,0.362598189033666,0.346177363175673,0.0103469918360355,-0.264058255267427,-0.152366656607452,0.0489930538199078,-0.35753823942499,-0.174706805283745,-0.0871540326977845,-0.208973062403579,-0.293231735589156,-0.173867849266526,0.299301059508577,-0.353004456145436,0.368232266282114,-0.0592444407397255,-0.336832014510372,-0.190866033733903,-0.722933997699671,-0.199206489041722,0.0512524169389352,-0.212388978695359,-0.121589570608994
moderate,0.0032092817123462,-0.0202435734576278,0.424996657559503,0.269232507669288,-0.21331890053143,-0.394164893625071,0.0901466326053291,0.0494034588344869,0.234448378605248,0.0827598646080466,-0.0607534730172165,-0.326504598643423,0.106422906178427,-0.451121404463347,-0.298872491722546,-0.01221852571961,-0.4233066645027,-0.329351879489178,0.221083061411044,-0.161887304230068,0.285507846626856,0.331579817237841,0.191070420672765,-0.399682915033213,0.146048391579921,0.112897371478097,-0.434550747637922,0.0287401348633246,0.10462263909898,-0.382644569750888,-0.0638023862355212,-0.254205634926506,0.414503542270398,-0.137066636627983,0.347059204322461,0.243768347297233,-0.0081171532488364,0.0832327153489363,0.0221894362196413,-0.214063090933313,-0.131842453371664,0.306963166759381,-0.312277595999063
moderate,-0.0586495773653777,0.104666569043111,-0.268503052366145,0.454669355503956,-0.189653489186673,0.36254653536463,0.156429089153221,0.398767770112211,0.494821734453975,0.105220995610863,0.0864142771725179,0.0122427791908258,0.733522297508477,-0.0725560853687146,0.146184801034273,-0.296909196545127,-0.0416450844476635,-0.179392588771526,0.383335071687738,-0.348941961380796,0.264420183758624,0.177188687248289,0.153937378092623,0.0132979663377282,0.0531452537959038,0.119839759256064,-0.13424276202475,0.0728916084415693,0.0348155169848628,0.244112566434331,-0.387389671786589,0.0781207728425393,0.346942943765432,-0.231181330651511,0.208304731023253,-0.0849932434016508,0.0497866483748926,0.180328948044068,-0.424350158323097,-0.112010444195344,0.212567737158953,0.0396982429996741,-0.0057136026809223
moderate,-0.090372306832763,-0.356534754588246,0.476507983751545,0.635390317291825,-0.0943409029296334,-0.25950333115978,0.0639291774338827,0.56887896395631,0.449315592749353,0.0967830522557639,0.0249340979544511,-0.722079653344851,0.781615265677003,-0.566220897995939,-0.057886249793062,-0.590786530930319,-0.690692962286775,-0.499880352945837,0.722695972589732,-0.114363673649764,0.640212119613593,0.301647037976048,0.43526866828583,-0.176526198719655,0.0321411262309175,0.121933972868839,-0.674039247440206,0.0566267810579098,0.0563968490170953,-0.271558609508181,-0.562446582198136,-0.301747314567253,0.632343674095454,-0.492961416682119,0.719435216604365,0.473320353327149,-0.034194388613469,0.13287400001211,-0.448075435619508,-0.330163148321237,0.115920418395014,0.260758691188716,-0.233925207677506
moderate,0.11504582973815,-0.130591018662973,-0.53304415964426,0.423004356691972,-0.304629955367101,0.495326684706441,0.0868893755922207,0.117028694189792,0.730600660838643,0.250608571089277,0.108098677646621,-0.545481616023492,0.697146543999669,0.112703620666732,-0.378062629228175,-0.493778954204161,-0.781300997963145,-0.0920126578459256,0.77114816960813,-0.438996001593871,0.775108168832749,0.630291446980493,0.776680406620569,-0.42156939533839,0.0248085186556394,0.0836945298544774,-0.353905347816295,0.0324373688904558,0.301925515309873,-0.074194448523338,0.263178238625466,-0.262123047880084,0.693533430771831,-0.006743779706427,0.432368032338383,-0.22160002715977,-0.124750123694436,0.0952276063622529,-0.463036961538233,-0.0884874158027393,0.609615092259676,-0.313097889466277,0.252618458541891
severe,-0.0932007299788336,-0.258613960234442,0.0009250444088472,0.28327959558551,-0.157931823679238,-0.218718095291382,-0.108971061189283,0.152716068637693,0.0026208755215459,-0.085716555906314,0.0296819303943286,-0.645620727981414,0.41264027582145,-0.355035686724947,-0.0733679290458095,-0.539090553431042,-0.715591125163506,-0.351128985778918,0.319934283912837,-0.0936080066549865,0.238629011059831,-0.0399960329153694,0.0602814354199268,-0.222883183524666,-0.0906978652015321,-0.0458021754943116,-0.518048597457905,-0.123838657767177,-0.066311302358484,-0.299778119828269,-0.212511802557134,-0.409302717516212,0.303168318244762,-0.27697708340485,0.199305633994698,0.0985742732316066,-0.123188804065333,-0.159110600870895,-0.416181561051979,-0.2606637669425,-0.10024130646436,-0.133686957661382,-0.245438795514558
severe,-0.0731505073621153,0.0405976409134041,-0.460760324100096,0.311212439506688,0.118400073955572,0.329301038634713,0.0061498225873966,0.134453369034745,0.412604136095739,0.128100750787342,0.0020572581664805,-0.163224290037503,0.208641671465991,0.212037573555495,-0.0534292980290933,-0.107294138389238,-0.359895854876051,0.247833342819947,0.386726660638757,-0.214524452626591,0.456083660652911,0.411757638175269,0.283879528432044,-0.210353156809492,0.0422796598896703,0.180700165509702,-0.0661915741019669,0.153039182193,0.116696158086572,0.156672599576527,0.103513818810007,0.0322298394692024,0.413422898400752,0.238624388105417,0.1975620293818,0.265375800261374,-0.0383231729702274,0.148781479324271,0.0773352416329912,-0.0740394165145853,0.301857795578377,-0.242023911711998,0.389747342648837
severe,-0.0806955552775986,-0.329021689233222,-0.325841216106408,0.447282407666611,-0.190162531408398,-0.0117531292382768,-0.0188983777623338,-0.0007225219177043,0.363355334570091,0.00421012962517,-0.20096639246554,-0.652773879270985,0.508709961484482,-0.20768415246118,-0.426477035395667,-0.313666883487334,-0.707406781603306,-0.322001242082776,0.578977521078922,-0.501255158629836,0.541891669344173,0.339273043843701,0.580940822630263,-0.254484160739901,-0.0721104167069735,-0.0042769230590014,-0.572206348185465,-0.0693843937306886,0.0220066059080129,-0.193902821145694,0.036949194608111,-0.444679767822793,0.784675478159367,-0.192183630918119,0.451499683956043,0.265365308722769,-0.331185857087773,-0.0351392609811069,-0.431332991219238,-0.113287696476444,0.164247490675211,-0.146176429280539,-0.0575695108873814
severe,-0.098857964064555,-0.265500086301733,0.0446329525735684,0.45492977614577,-0.157991051712665,-0.245263834230304,-0.20391776592445,0.113055696903189,0.18587979876523,-0.0597056776289728,-0.28583810403493,-0.595630461330637,0.470018844760567,-0.502049025328309,-0.375364292977351,-0.437313288340004,-0.65783642211069,-0.250812037713173,0.242163759227166,-0.206730859163526,0.15642757161476,0.0851429812156681,0.251386810822432,-0.421586696508292,-0.16664081343934,-0.127952748030536,-0.524326181916001,-0.245445194286161,-0.0602491446280627,-0.322034264175516,-0.0298602193228601,-0.403135742214862,0.430655470430366,-0.127354188073459,0.367727311527928,0.382807190778376,-0.351434746977748,-0.210465225156183,-0.44140340192093,-0.206147129579878,-0.0712461382789291,-0.168836031005164,-0.287856174896465
severe,-0.0389888923707517,-0.240021842401699,0.171577473205448,0.480144050107589,-0.12181965109256,-0.102710526240835,-0.106746355314178,0.457022586357134,0.349178741026802,0.109027622279247,-0.119544022965556,-0.676613846679813,0.565090354643646,-0.214521297860525,-0.1090870788552,-0.72451669513494,-0.601132179487938,-0.315483011634593,0.618285809003328,-0.159021871011715,0.461899272018629,0.287949532908174,0.257948859728236,-0.214039526712211,-0.135423025931409,0.0232963264978877,-0.47864873605607,-0.0959824896106349,-0.0571398378994685,-0.187038758092092,-0.268019975626373,-0.152497771788465,0.374677615547965,-0.211654504114172,0.5552849974224,-0.10290414427425,-0.131756742227013,-0.114203940288559,-0.575176625857963,-0.263821044929231,0.0791628936815043,-0.0149582887094937,-0.0683147485850175
