group,VDR,HSF1,RXRG,LHX2,RUNX1,ATF1,NR2F2,MAFF,ETV5,TP63,ARNT,HEY1,ETS2,HOXA6,RFX5,STAT1,KLF10,E2F6,FOXD2,ELK3,BCL11A,RUNX3,SRF,CLOCK,E2F1,XBP1,FOXP3,ESRRA,FOS,SMAD3,CEBPD,GMEB1,GFI1B,KLF1,CEBPA,NFAT5,ZNF384,PPARG,E2F4,STAT4,TFAP4,ELF2,RELA,RUNX2,EHF,PRDM1,E2F7,OTX2,SP4,BACH1,TEAD4,MNT,IKZF1,SPDEF,GATA6,TCF7L2,JUN,STAT5B,PAX5,TBX21,SP2,POU2F1,GATA3,USF2,PRDM14,FOXP1,BCL6,ONECUT1,ASCL1,HNF4G,CTCF,JUNB,NFE2L2,ATF3,FOSL2,IRF3,ARNTL,ELK1,STAT2,ZNF217,TCF12,KLF9,VEZF1,HIF1A,TP73,ZEB1,NR5A2,AHR,TCF3,FOXP2,E2F8,FOSL1,ZKSCAN1,GTF2B,ETV4,GTF2I,RARG,HOXC6,THAP1,EGR1,JUND,RARA,NRF1,TP53,ETV1,SETDB1,MAF,HES1,CEBPB,ZNF143,MYB,ELK4,MECOM,SREBF1,ETV7
healthy,0.359015935029764,-0.0645386874087374,-0.532678006946028,-0.442885050551263,0.580848186678636,-0.316769596170421,0.379749378086194,0.574612564706778,-0.150122598972498,0.572118315918034,-0.508047300157186,0.517556623664271,-0.400950492790513,0.514282922129045,-0.0989904988032566,-0.469698225030255,-0.560582415270096,-0.387388015001721,-0.145913554141493,-0.698857332496062,0.45052368746679,0.512568126086784,-0.253166252057463,0.489652215340203,-0.0530027867607988,-0.503838255326182,-0.366498681395994,-0.588330933044867,0.514906484326231,-0.476401518650003,-0.273899695113893,-0.293697794874544,-0.073736229817229,-0.409680363551116,-0.320822750452129,-0.143263414803453,-0.646322217383153,-0.355742233494538,-0.344674004494489,-0.298998073550624,0.541719658805223,0.333449884945143,-0.547487609129192,0.625744664876019,0.410148035199005,0.168829464888074,-0.745468606735706,0.309910412001377,-0.448964781973825,0.528001290467134,-0.222611704395355,-0.649595918918378,-0.569312286030698,-0.204840181775558,0.698857332496062,0.424645856283576,-0.0852721304651675,-0.568688723833512,0.620912057847828,-0.37460498995941,-0.431349149903325,-0.376631567100265,0.317237267818311,-0.349506611522679,-0.390349935438354,0.401574054987699,-0.0408433239156744,0.610155609946372,0.445691080438599,-0.516621280368492,0.40858912970604,-0.449276563072418,0.308507397057708,-0.470633568326034,-0.0266572839296959,0.500408663241659,0.171479604226114,-0.396429666860916,-0.497914414452916,0.241318570310931,-0.292606561029469,-0.594254773918133,-0.556529260988388,-0.339997288015595,0.552320216157383,0.503838255326182,-0.0824661005778311,0.41170694069197,0.615611779171749,0.495576056213469,0.127050797676621,-0.291203546085801,-0.448964781973825,-0.148407802930237,-0.464397946354176,-0.631824396298581,0.289644640592836,0.698857332496062,0.322381655945094,0.174441524662747,-0.164776310606366,-0.470477677776738,0.452862045706237,0.0509762096199447,0.378658144241119,-0.329864402311324,0.0129389155916068,-0.289644640592836,-0.222767594944652,0.264390371606808,0.267508182592738,-0.320978641001426,-0.254257485902538,-0.596437241608283,0.362133746015693
healthy,-0.403399962480047,-0.343218749083839,-0.351795644104676,-0.465010658379728,-0.0122935495298668,0.159959092138616,0.514756649500585,0.33264057855814,-0.432132560799852,0.702590650456921,0.277891398675128,0.624683854017649,0.552637935842616,0.674572793388853,0.382815414430038,-0.396967291214419,-0.373237881656769,-0.0250159438107754,-0.171537900416746,-0.388104499692887,0.627685767274943,0.598381375953748,0.127652787560128,0.383101310930732,0.324349580037997,-0.675573431141284,-0.465725399631465,0.365232779637321,-0.580083999909295,-0.621396044259662,-0.523190596271075,0.0587517308927354,-0.347221300093563,-0.457291452860975,-0.449858143842916,-0.276461916171655,0.243440870341432,-0.520331631264129,-0.4216973385245,-0.252303661862964,0.283752276939367,-0.331068147804319,-0.103780429752131,0.463438227625908,0.585516033422492,0.406973668738729,-0.325636114291122,-0.207560859504262,-0.692870169433306,-0.0607530063975975,-0.344934128088006,-0.63097357703293,0.137659165084439,0.0448857506090485,-0.0172967382920219,0.401255738724838,0.538629007308582,-0.333641216310571,0.503320789472802,-0.679147137399966,-0.203129463743497,-0.567647502129081,0.550493712087407,-0.528479681533924,-0.443997265578677,0.483022137923487,-0.591662808187426,0.684865067413858,0.382815414430038,0.546920005828725,0.554639211347478,-0.402399324727616,-0.298047101974096,-0.417265942763734,-0.461151055620352,0.539200800309971,0.290756741206384,-0.672857414384685,-0.167392401156674,0.106925291259772,-0.582371171914852,-0.714312406985399,-0.34421938683627,0.214851220271974,0.467726675136327,-0.0400255100972407,-0.525191871775937,0.458577987114101,-0.0142948250347288,-0.516329080254405,0.41483582250783,-0.604671098969029,-0.739614247296869,0.554067418346089,-0.716170734239914,-0.468155519887369,0.546920005828725,0.578511569155475,0.458149142363059,-0.352224488855718,-0.186690414953558,-0.495887480454743,0.276318967921308,-0.304765669740418,0.36108728037725,0.250731231109143,0.536341835303025,-0.554496263097131,-0.444283162079372,0.519473941762045,0.340216835826546,-0.207132014753221,-0.488740067937378,0.250588282858796,0.487024688933211
healthy,0.67254400380432,0.293389699231981,-0.493195657659661,-0.639693799465238,0.399710270760567,-0.538635161865218,0.4174631506504,0.574485160313108,-0.327026734812718,0.418938459228503,-0.538290923196994,-0.58127157977238,0.139269129772875,0.167693408377649,0.197494641655319,-0.453116441287877,-0.455870350633668,-0.378662535046305,0.0520292158544143,-0.449378992890017,0.109713781258222,0.588795653520702,-0.414856772162419,0.566961086564785,0.479081872262481,-0.187216658561205,-0.452083725283205,0.453362326050894,0.292996283611154,-0.442248334762522,0.354369120460217,0.512768084795821,0.192724477252788,-0.456214589301892,-0.555552033560793,-0.588008822279047,0.468803889168367,-0.502932694275138,-0.377924880757254,-0.0115074069091994,0.352303688450874,0.535241952135582,-0.406890105840666,0.512768084795821,-0.239934351752068,-0.538585984912614,-0.387858625183144,-0.457837428737805,-0.459214383410701,-0.361794840303333,-0.563420345977339,-0.522357590553487,0.494031665853919,0.203887645493764,-0.543257795409939,0.597647504989317,0.505539072763119,0.129335385346985,-0.385989900984214,-0.323928586798703,-0.638218490887135,-0.657987625833709,0.517194010530128,-0.443969528103641,-0.392923851301295,0.577189892706296,0.0450952655373327,0.308044431107799,0.538684338817821,0.0581763349298414,0.140301845777546,-0.349894017773306,-0.526980224098208,-0.548716437148918,0.576304707559435,0.413922410062954,0.48670429991601,-0.505883311431343,-0.689559229405102,-0.324026940703909,0.334747516371454,0.240475298230705,-0.630153470660175,-0.330567475400164,0.62302281253268,-0.576747300132865,-0.435068499682423,0.517144833577525,0.287586818824778,-0.472246275850606,0.561354913967996,-0.234328179155278,-0.490245040503456,0.280259452886869,-0.450510062799896,-0.558601004622205,-0.225968097212697,0.597450797178903,0.520882281975384,0.422430022863345,-0.568239687332474,-0.646332688066699,-0.12436851313404,0.630694417138813,-0.0684051410713519,0.689755937215516,-0.398726731708499,-0.529340717823172,-0.546405120376557,0.665118283961204,0.5239804299894,-0.314880027519674,0.657004086781641,-0.255572622679954,0.697968488300286
healthy,0.44816461895612,-0.786607567024694,-0.541750750007263,-0.707140033330404,-0.803146495357008,0.256555083398823,0.0024203309754606,0.708753587314044,0.8148447617384,-0.85195650336213,0.804356660844738,0.799919387389727,0.803146495357008,0.802743106861098,-0.780556739586042,-0.469544209239356,-0.422347755217874,-0.672852011178046,0.663977464268023,-0.81121426527521,-0.742234832474583,0.835820963525726,-0.340863279044034,0.743444997962313,0.819282035193412,-0.134731757633973,-0.774505912147391,-0.817668481209771,-0.712384083777235,-0.738200947515482,-0.817265092713861,0.81403798474658,-0.794675336942896,-0.699072263412202,-0.828156582103434,0.863654769743523,0.60750307484061,-0.73174673158092,-0.835014186533905,0.525211821674949,-0.661153744796653,0.519564382732208,-0.560710009315038,0.360629315343629,0.831787078566625,0.574828606671892,-0.786204178528784,0.748689048409144,-0.718031522719977,0.800322775885637,-0.562726951794589,-0.275514342706598,-0.751916156376425,-0.760387314790537,-0.827349805111613,0.819282035193412,0.677692673128967,-0.453812057898862,-0.830576913078894,-0.7309399545891,-0.868092043198534,-0.884227583034938,0.65066564390299,-0.496167849969422,-0.81121426527521,0.60830985183243,-0.801936329869277,0.72932640060546,0.764017811253728,0.697862097924472,0.77289235816375,-0.816054927226131,-0.805970214828378,-0.781766905073772,-0.891488575961319,0.85357005734577,0.557886289843667,0.85235989185804,-0.455829000378412,-0.828963359095254,-0.633723327074766,0.507059339358995,-0.442113791517469,-0.866881877710803,0.800322775885637,-0.331181955142192,0.28519566660844,-0.830980301574805,-0.195643420516398,0.806776991820199,0.741024666986852,-0.747075494425504,-0.725695904142269,0.862847992751702,-0.553045627892746,-0.809197322795659,-0.875353036124915,0.816458315722041,0.860427661776242,0.160145232876309,-0.515530497773107,-0.626058945652474,0.591770923500116,-0.757160206823256,0.582492988094183,0.789834674991974,0.465510324280255,-0.81121426527521,-0.810407488283389,0.786204178528784,0.565954059761869,0.832190467062535,0.800726164381547,-0.862041215759882,0.756756818327346
healthy,-0.356724649246553,-0.0531746855431191,0.0045425610765478,0.0863086604544093,0.270148779317052,-0.156584752403356,0.119977054315882,-0.198536639992651,-0.222852702225936,0.268812731941597,-0.0780251667265868,-0.536823835457921,-0.0507698002672996,0.270148779317052,-0.0390125833632934,0.171281273533363,-0.332408587013267,0.211897113747203,0.0865758699295004,-0.129329385944069,-0.0387453738882023,0.0229800148578304,0.248237602359586,-0.015765359030372,-0.180099186211368,-0.0072146558274583,0.248772021309768,-0.362603257698556,-0.0040081421263657,-0.0080162842527315,0.149102887100806,0.0884463362551378,0.160058475579539,0.181702443061914,0.214301999023023,0.186245004138462,-0.245031088658493,0.383178387280567,0.314505552182167,-0.113564026913697,-0.129062176468977,0.057984456094758,0.0945921541822319,-0.0860414509793183,0.036874907562565,0.154714286077718,0.124252405917339,-0.123450777492065,0.27976832042033,-0.203079201069198,0.150706143951353,0.0360732791372918,-0.195062916816467,-0.154179867127536,0.068405625623309,0.0721465582745837,0.342562547066727,0.148835677625715,-0.178763138835913,-0.100737972109326,0.0040081421263657,-0.042486306539477,0.176892672510276,0.416312362191857,0.095126573132414,-0.195597335766649,0.101005181584417,-0.036874907562565,-0.0772235383013136,-0.298205774201612,0.084705403603863,0.0048097705516389,0.0753530719756763,-0.0718793487994926,0.203613620019381,0.0555795708189385,-0.0240488527581946,0.0622598076962148,-0.179831976736277,-0.130398223844433,0.145361954449532,0.0253849001336498,-0.125855662767885,0.31797927535835,0.166471502981725,-0.0841709846536809,0.122916358541883,-0.0836365657034989,0.241290156007219,-0.0408830496889307,0.157386380828629,0.0953937826075051,0.0977986678833245,-0.169678016682817,0.0593205034702132,-0.0809644709525883,-0.460669135056971,-0.0237816432831035,-0.179831976736277,0.188382679939191,0.190520355739919,-0.304351592128707,0.0085507032029136,0.031797927535835,0.554192451338839,-0.116503331139698,0.359396743997463,0.0940577352320498,0.129863804894251,-0.0355388601871097,0.129863804894251,-0.0609237603207595,-0.261063657163956,-0.0336683938614724,0.182504071487188
healthy,-0.419604984008126,0.422339510086535,-0.498938411177032,-0.607225643882035,-0.774932519726117,-0.543398588122461,0.818170202660021,0.531784895012982,0.506948964042019,0.801312653659005,-0.785581085984392,0.25965129386871,0.0947111149980774,0.563087175887007,-0.772133651857627,-0.510101711755949,-0.672436048128333,-0.730214975620367,-0.0743469384376891,-0.52818175476849,-0.711491514707024,0.696242510458013,0.727544791332038,0.580491630103705,0.523613487672794,-0.592652228428866,-0.782331825585341,0.518659169836618,-0.519817322058062,-0.508396654318824,-0.621123470539361,-0.615107513166861,-0.687910248642625,-0.692092464997839,-0.532846534549305,0.367295108672911,0.765313422109124,-0.708628305048455,-0.579655186832662,-0.618485457146072,0.304883572295102,-0.732563450958295,-0.590593291146299,0.612952063199174,-0.0852207009612456,0.0489641022510441,-0.680028379357799,0.458145716266175,-0.617295134029588,0.106743029743078,-0.350823610412376,0.80864761772815,-0.621026957854241,0.623568458562409,0.802084755139968,0.757206356559017,-0.595129387346954,-0.666838312391354,0.578207496555857,-0.568845766099186,-0.543655955282782,-0.443443617232846,0.59998719249801,-0.524610785419038,-0.691545559782157,0.737646452374632,-0.650431155920899,0.69849447311082,0.666773970601274,0.711620198287184,-0.204767746930286,-0.672532560813454,0.595418925402315,-0.761420743809271,0.747490746256905,0.415133229597551,0.529886812205616,-0.603944212587944,0.630967764421634,-0.154002074556996,-0.760326933377908,-0.807585978191826,0.0148951244035699,-0.625305686894575,0.678516347290914,0.588920404604213,0.280208495799339,0.335767631533605,0.344132064244033,0.425427916010386,0.706923247611329,-0.646377623145846,-0.168318122849844,-0.215609338558802,-0.625916933900337,-0.703416620051957,0.732627792748375,0.694408769440727,0.577338882389774,-0.649723396230017,0.67739036596451,0.758782730415982,-0.781238015153978,-0.0070132551187435,0.594035576915591,-0.665808843750071,-0.596641419413839,-0.694280085860566,-0.56414881542333,-0.0770171227260181,0.520299885483663,0.427197315237591,-0.479861070418248,-0.742568599315768,-0.150559788787704
healthy,-0.107646966032319,0.232023994289441,-0.621866364560329,-0.637657590521114,-0.783102104542802,-0.748177395521328,0.564710012806905,0.773394537572855,0.624551436275421,-0.320593807436911,0.38270721466435,0.589363853100021,0.540750911349162,0.605924924797301,-0.76227871620688,-0.627480605419157,-0.860818970478223,-0.526931241542815,-0.849027187002155,-0.726152296767463,0.646632865205127,0.82234546037876,-0.580313471514886,0.452744399960103,0.543980508097385,-0.0462658510908134,-0.703488789354065,-0.667737904420255,-0.507609991229322,-0.616308453877341,0.0095949066182652,-0.765038894823093,-0.777412756782852,-0.69338691115323,-0.624720426802944,-0.228775620815938,0.692804832669539,-0.587636394374228,-0.53855403449136,-0.225677461144678,0.715918981489665,-0.204497315028429,0.508342283515256,0.657072724461009,0.0623575046560842,0.451223485212393,-0.768756686428605,0.374464232266271,-0.449871560992207,-0.688392302228653,-0.685162705480431,-0.733043354945356,-0.696785498428976,0.129277753555296,-0.567263647445034,0.673464805630765,-0.620946305021591,-0.57742185582171,-0.296672259429729,-0.603559057411975,-0.769958396846548,-0.56602438357653,0.339426862893115,-0.67269495989427,0.277895534149366,0.630616318540978,-0.545482646119814,0.806422797341013,0.633958575640882,0.751162894840905,0.716332069445833,-0.519852416112119,-0.813971040903718,-0.5551526596392,0.751594759522354,0.746618927323058,-0.233920443542757,-0.821594391367546,-0.584294137274323,0.11185295249512,-0.277219572039273,0.641995014060877,0.672300648663383,0.597306407893614,0.40807457051812,-0.337887171420125,-0.162812984906024,0.811323522639187,0.721157687842886,-0.145237970043605,0.70217441858444,0.179129959174659,-0.681013049193471,0.530761693500009,-0.640173671708682,-0.739296004463716,0.738131847496334,0.697048372582901,0.641375382126625,-0.186133677704234,-0.216908730438749,-0.815829936706474,0.554495474254388,0.488645498696156,0.765789963834308,-0.773976616056546,-0.186114900978954,-0.725889422613538,-0.54993273001126,0.64991879212919,0.701817660804113,0.315974733017942,-0.613905033041455,-0.565874169774288,0.580576345668811
healthy,-0.722988475573658,-0.196591864500998,-0.816691727937901,-0.715608731044099,-0.716785212056058,-0.695438687598432,0.700194942384747,0.607718501770942,0.466370914093525,0.759906072248385,-0.565931406148322,0.734916860593304,0.555928171875518,0.734180773543041,0.592461996669338,-0.73530063247421,-0.692450300001211,0.546566654518327,-0.444093270974028,-0.26117249331253,-0.54316303832865,0.719024929918396,-0.109337238004443,0.593707682446706,0.703806172870652,-0.685278169767879,0.390585404627991,-0.316290943289912,-0.602226159934364,-0.6663663947842,-0.33950599641359,0.447207485417449,-0.675337848918174,-0.629562042271053,-0.68001860759677,-0.135314190402185,0.633871611753362,-0.736483404828479,-0.541829273758943,-0.738125445171373,0.670279609700983,-0.600250678449043,-0.64135830910219,0.592103390157671,0.648454943227802,0.440287008876515,-0.801378600755508,-0.63401631262649,0.140636665996394,0.713733911035737,-0.736634397043918,-0.669751136946948,0.0055237985481271,-0.513719556318132,0.587680576513784,0.557891070676219,0.640584473998067,-0.759912363590695,0.603452971684803,-0.753558107857656,-0.772400678075925,-0.544446472159878,0.703611141259044,-0.106770370341988,-0.637778535327834,0.66430283450654,-0.660345580193588,-0.646919855704177,0.735854270597485,0.753369367588357,0.75314917060751,-0.638785150097424,-0.671292515812883,-0.750538263548885,0.663415755240839,0.594261320569981,0.672116681655485,-0.834263447009563,-0.67899311880025,0.41777029474924,-0.253239110659696,0.578721705064429,-0.547887836403415,0.569511179922678,0.66433429121809,0.675539171872093,0.670474641312591,0.785945938069226,-0.423929518870671,-0.702774392731822,0.681144757870249,0.668348167611831,-0.753212084030609,-0.0509347073412724,-0.787084671027325,-0.681094427131769,0.588127261817789,0.74790848246333,0.608957896206,-0.277995542649309,-0.146695228640866,-0.725259650147547,0.596815605547816,0.100730681724446,0.755671998873795,0.34263908488394,-0.795810762811211,-0.771035456794668,-0.576349869013582,0.645089075091984,0.579948516814868,-0.54840372647283,0.706203174290739,0.58388689710089,0.639313622851459
mild,0.482013467031079,0.208392682375979,-0.500890956908832,-0.752467439658757,-0.564350579744067,-0.666140966339794,0.558757249409918,0.554438869372524,-0.424435066532486,0.184004117021932,0.129263509119341,0.511542961001072,-0.123916943358758,-0.0166154812867369,-0.175243974660361,-0.510967176996086,-0.299119790590191,-0.481108663594673,-0.679096106451978,-0.570848713514623,-0.56278773744482,0.410492868126041,-0.383060873031354,0.800463149217226,0.713478637035423,-0.70525315124991,-0.691516589988103,0.636076815793743,0.0780187326755936,-0.549051176183013,0.387790527358024,0.251370845605286,-0.574838074120597,-0.539591867529672,-0.626535252282548,-0.386268812487704,0.412220220140999,-0.696945410606542,-0.391204103959012,-0.398977188026323,0.521002269654412,0.638421079242615,0.182153382720192,-0.168170056884819,-0.464904456597212,0.285588866473022,-0.0512447764437478,0.541853876120688,-0.638050932382267,0.76542257977094,-0.676957480147744,-0.00929479893763,-0.780146199327009,0.509609971841476,-0.570930968372478,0.47337670695629,0.333502321173637,-0.429740504864142,0.0846813761618594,-0.579444346160484,0.176518924957115,-0.689665855686362,0.65725744169144,-0.583392579337531,-0.533957409766596,0.563528031165516,-0.447096279871575,-0.0701222663215009,0.704348347813504,0.634431718636641,-0.128811107401138,0.0971841145558396,0.237017372909566,-0.584544147347502,0.570643076369985,0.415962816173407,-0.370434752350591,-0.585037676494633,-0.597828306891106,0.6466054375992,-0.371750830076273,-0.375904700397958,-0.477160430417626,0.423448008238225,0.342385845821991,0.229449925986893,0.284149406460557,0.577223464998396,0.39749660058493,-0.310141941542779,0.400910177185918,-0.501343358627035,-0.604285313232734,0.425339869968893,-0.64002504897079,-0.510926049567158,-0.555960584242844,0.652322150220132,0.592399486272668,-0.0464739946881501,-0.591289045691623,0.250424914739952,0.710270697579073,-0.586847283367446,-0.600008060624267,0.456884607956336,0.109440088376254,-0.390875084527592,-0.604737714950938,0.53506785034764,-0.487976944225576,-0.41472899330558,-0.696328499172628,-0.583145814763965,0.599308894332499
mild,0.618428407769829,0.553771182371534,0.462972082381519,-0.423139305088602,-0.444941421842961,-0.545349985615703,0.385243919687364,-0.195741160789285,-0.669239739115592,-0.387284639146599,-0.566687128316059,0.460259733733169,0.544187550480696,-0.207649662950138,0.656840431008848,-0.511432711565379,-0.662290960197437,-0.572550967774874,-0.453879256436573,-0.537135443994985,0.431379678601209,-0.201966646734546,-0.349880059691253,0.432128803465992,0.310202273749671,-0.339986445097746,-0.482836807244199,-0.34750352563746,0.0397681975631942,-0.43600358724935,0.415105586711107,-0.326476365639773,-0.511355215889712,-0.483870082919761,-0.51548831859196,-0.458451501300935,0.328491253207119,-0.408595949955066,-0.405005316982488,0.686805425600147,0.571362700747977,-0.63418586182215,-0.399218973199341,0.450624438058552,-0.389222031038278,-0.267114678078733,-0.124160988364724,-0.364785061311236,-0.704474439652258,0.757533145592369,-0.38100748941756,-0.656375456954845,-0.441893258600053,-0.618350912094161,-0.385863885092701,0.49642438237784,0.293824854292012,-0.523212054266786,0.480382777514739,-0.406477734820164,-0.482733479676643,-0.626152143444655,0.169986764575901,-0.577794841828351,0.0583154959395329,0.686004636951586,-0.466666042921653,0.359954497527983,0.432412954276771,0.315781962397706,0.51711572778097,-0.432981255898331,0.312604639695352,-0.601379359123055,-0.434866984006231,0.690912696410506,0.30557836510153,-0.505646367782231,0.191168915924923,-0.443753154816065,-0.502598204539323,-0.456720764544368,-0.0075299964856584,0.386303027254815,0.111839175933647,0.532046561292842,-0.0391224002659679,0.553022057506751,-0.309918122938891,0.62736624236344,0.440524168329933,-0.471677429948129,-0.52039637805088,-0.226765262948035,-0.610239698040999,0.191039756465478,0.0205492699977402,0.327845455909892,0.507454600214465,0.586086879124737,-0.339495639151854,-0.384959768876585,-0.137645235930809,0.548501476426167,0.166163644576321,-0.753761689376567,-0.334510084017268,-0.439645884005706,-0.516599089943189,0.414718108332771,0.524322825618015,-0.602231811555394,0.689233623437718,-0.589445025070313,0.221237238083778
mild,0.431814787124947,0.347300469929699,-0.801260058277073,-0.815929000826646,0.703914834707139,-0.683095540341601,0.331005572302343,-0.11090074035972,0.668850759986233,0.661180493641035,0.30940864724743,0.846079863464683,0.427290390386766,0.781465822547529,-0.833743812983235,-0.800234999641079,-0.716392272586655,-0.665457462432597,-0.749689004831709,0.651742884819984,0.0553354929189297,0.753930626773754,-0.732050926922704,0.682317909652226,0.763615663541423,-0.883830298748884,-0.775633592377218,-0.400992334346086,-0.678429756205351,-0.734737287486,0.745553423438215,0.0515180331710891,-0.846009169765649,-0.618905661618652,-0.208069229682069,-0.800411733888664,0.569702847090929,-0.71967952959174,-0.710312614469723,-0.743043797122504,0.844100439891728,0.408273785346597,-0.820029235370623,0.780157989115399,-0.320861026490951,0.871600288815987,-0.757005802681736,0.566663018032464,-0.831128146118974,0.614840773924192,-0.420150326784323,-0.794226035223182,-0.803628297194715,0.741205760947618,0.672244057539869,0.650293663989785,0.598227754651182,-0.850462872804796,0.546055804764028,-0.841237345080848,-0.776729344712246,-0.793307017135739,-0.716851781630376,-0.710736776663928,-0.647183141232286,0.0031988898812923,-0.702642348124525,0.597768245607461,0.843923705644143,0.806385351457044,0.721482218917109,-0.699779253313645,-0.716392272586655,0.717063862727478,-0.631135671551549,0.66482121914129,0.0469582895833907,-0.789171435742245,-0.0537095378411458,0.764923496973554,-0.851806053086444,-0.657610461839813,-0.616007219958254,0.335742050137626,0.660614944048762,-0.518732690087354,-0.517813671999911,0.0262450357664039,0.831623002012212,0.487980931007527,0.722648664951171,-0.689351932706117,-0.757606699123526,0.617456440788453,-0.653934389490041,-0.759762856944066,0.548141268885533,0.661286534189586,0.627883761395981,0.804052459388919,-0.690129563395492,-0.781006313503808,0.62777772084743,0.830880718172355,0.836288786148462,-0.717594065470234,-0.727102367990318,-0.768528875624292,-0.617880602982658,0.83954069630403,0.650611785635439,0.321214494986122,-0.780511457610569,0.550226733007039,0.751951203200799
mild,-0.0106762953201364,0.480941684421384,-0.336388035086838,-0.644983809340305,-0.0044060901321197,0.61007401829351,0.351978815554339,0.38197412145377,-0.54804982643367,-0.0076259252286688,-0.319780464588848,-0.400276342002575,0.053042546590519,0.326728529797191,-0.562115421855437,-0.28232869846583,-0.508056085234428,-0.1394696991821,-0.2569089477036,-0.11404994841987,0.330117829898821,0.330965154924229,-0.077953902337504,0.198104590940309,0.356893300701703,-0.554828426636931,-0.387058071606216,0.495346209853314,-0.488737074655134,-0.429424322876598,-0.249452487480013,0.404343502124532,0.540762831215164,-0.124556778734925,-0.041518926244975,-0.533306370991576,0.758186432734767,-0.491109584726275,-0.0635493769055739,-0.0284701208536971,0.112694228379218,-0.497888184929537,-0.375534451260672,-0.848002885427979,0.701076726022292,-0.288768368658928,-0.515173615447853,-0.0727004871799766,-0.539915506189756,0.423831977708908,-0.236742612098898,0.170990190127264,0.0899859176982927,0.448065473435567,-0.616174758476445,0.636171629076066,-0.460775348816681,-0.238606727154795,0.050161641504133,-0.485856169568748,-0.270296683105041,-0.199968705996206,-0.150145994502236,-0.235386892058246,0.183700065508379,0.472298969162225,-0.359265810772845,0.775641328258165,0.285379068557297,0.311646144344935,0.404004572114369,-0.116422458491011,0.174548955233976,0.742087257252022,-0.442812058278039,0.527205630808641,0.525002585742582,-0.368586386052329,0.513478965397037,0.341810915249447,-0.146417764390442,0.453149423588013,-0.497549254919374,0.513140035386874,0.0340624660213876,0.541949086250735,-0.189122945670988,0.568385627043453,0.0189800805691314,-0.0116930853506256,0.483314194492525,-0.397903831931434,-0.450776913516871,0.204544261133407,-0.433830413008718,0.192003850757374,0.200985496026695,0.367908526032003,0.452471563567686,0.0316899559502462,-0.459758558786192,-0.0774455073222594,0.654304384619789,-0.0416883912500565,0.336896430102083,0.470943249121573,0.609057228263021,-0.426882347800375,-0.184038995518542,0.513140035386874,0.22809989683974,0.784622973527486,-0.494837814838069,-0.58126496742965,0.343336100295181
mild,-0.546473421302905,-0.585102302470999,0.531443754227264,-0.83691514558042,0.84442997911824,-0.854977113908163,-0.352274301983441,0.675675822479466,0.65589994474836,0.764271754714822,-0.614634279882785,0.75570220769801,0.766513020857681,0.802900635882917,-0.685959278899641,-0.793935571311482,-0.687277670748382,-0.757943473840868,-0.751087836227418,-0.790112234950135,0.698220323092927,0.839156411723278,0.0653922356975249,0.743441163504724,0.78312475815181,-0.75214254970641,-0.805801097950146,-0.713118150983694,-0.767040377597177,-0.811997539639225,-0.700725267605534,-0.636255906202127,-0.634146479244143,-0.806723972244264,-0.815689036815699,-0.514436499378512,0.808701560017374,-0.708635618697977,-0.391166861521283,-0.806064776319894,0.791694305168623,0.755965886067758,0.727356782950091,0.779565100160211,0.640474760118097,-0.618589455429006,-0.588530121277724,0.808437881647627,-0.728015978874461,0.72603839110135,-0.843902622378744,-0.325379108269136,0.0528675131344909,-0.776005442168612,-0.6882005450425,0.784179471630803,0.50164809844573,-0.821621800135031,0.782201883857692,-0.794067410496356,-0.308635531790133,-0.721028502076136,0.780487974454329,-0.806723972244264,-0.794331088866104,0.734871616487911,0.721028502076136,-0.511404198126409,0.818721338067802,0.820567086656038,0.86855654995019,-0.765194629008941,-0.854317917983793,-0.837310663135042,-0.833751005143442,-0.290573563462389,0.383124671243966,-0.747923695790441,-0.310744958748117,-0.799868334630814,-0.814634323336706,-0.135135164495893,0.110744915294195,0.494001425723036,0.766381181672807,-0.813184092303092,0.823863066277889,-0.62557693222733,0.734476098933289,-0.457086453958304,0.823994905462763,-0.853526882874549,-0.788793843101394,0.789980395765261,-0.87738977533675,-0.727356782950091,0.0632828087395402,0.822940191983771,0.752274388891285,0.664205813395424,-0.821358121765283,-0.167040247235411,-0.803823510177035,0.666974436277779,0.351483266874196,-0.604218984277735,-0.814238805782084,-0.816480071924943,-0.85748205842077,0.732366671975304,0.802505118328295,-0.786157059403913,-0.698352162277801,0.736058169151777,0.748055534975315
moderate,-0.397685314449697,0.115328741190412,-0.0641598973978844,-0.453891505558587,0.190358703849922,-0.344395482313437,0.392117720047401,-0.199638027853748,0.195661174709251,0.0379126666442044,0.413062479941752,0.0763555803743418,-0.006893212117128,0.315497016130093,-0.24895100684551,-0.592020871444115,-0.177102526701598,-0.0906722516945309,-0.0649552680267838,0.248685883302544,-0.394503831934099,-0.164641720182174,0.309134051098898,0.0018558648007652,0.285538055774882,0.255579095419672,-0.0246564894958812,0.152180913662751,-0.0734392214017107,-0.362158759692191,-0.318148251559757,-0.203614880998245,0.252397612904074,0.158278755150979,0.266714284224263,-0.263267678165699,0.251867365818141,-0.142371342572991,0.156953137436147,0.0212098834373172,0.078211445175107,-0.139189860057394,-0.410676368055054,0.299854727095071,-0.187177221334324,-0.0432151375035337,0.186912097791358,-0.0853697808352016,0.0866953985500339,0.0363219253864056,-0.139189860057394,-0.144492330916723,-0.118245100163043,0.241527547642449,-0.044540755218366,0.0344660605856404,-0.0193540186365519,-0.284742685145983,0.233308717810489,-0.567364381948234,0.342274493969706,0.228271370494126,0.154036778463516,-0.0432151375035337,0.311255039442629,0.260351319193068,-0.219522293576233,0.112412382217781,-0.0829836689485034,-0.145552825088589,0.440105081324331,-0.386815249188072,0.409880997426154,0.0986259579835248,-0.0938537342101285,0.0087490769178933,-0.0888163868937656,-0.231983100095656,-0.14846918406122,-0.142371342572991,0.0381777901871709,0.42896989251974,-0.412267109312852,-0.237285570954986,0.0835139160344363,0.305157197954401,-0.0328753193278416,-0.2181966758614,0.185586480076525,-0.131501277311366,-0.0630994032260186,0.217666428775467,0.0180284009217196,-0.277849473028855,-0.33670689956741,0.341479123340806,0.128054671252802,0.258230330849336,0.0718484801439119,0.255579095419672,-0.292696391434977,0.261411813364934,0.220582787748099,-0.255579095419672,0.16119511412361,0.219787417119199,-0.0962398460968266,-0.120100964963808,0.290045156005312,0.311520162985596,0.364014624492956,-0.0220052540662166,-0.338827887911142,-0.342804741055639,-0.0498432260776953
moderate,0.239243935155904,0.411800414135117,-0.689437986789095,-0.716514096815721,0.259873352319048,0.290387698539531,0.738361222630856,0.81872999366227,-0.63994171158169,0.688936577344157,-0.712001411811283,0.551550389431276,0.559143161026044,0.632921979352565,-0.434435469078011,-0.648394042224923,-0.589514247405117,-0.69552653004905,0.412445083421466,-0.712001411811283,0.824460387318699,0.562151617695669,-0.811567001591734,0.484003374206121,0.683564333291255,0.608925955916269,-0.718949514119703,-0.363521847579704,-0.59116173558134,-0.754979364234499,-0.644669286348244,-0.158660274362373,-0.423977500655029,-0.830477300657949,-0.572896105801473,-0.650113160321852,-0.007162992070536,-0.86937234760096,-0.746240513908445,0.04569988941002,0.723963608569078,-0.804905418966136,-0.63686162499136,0.862710764975361,0.740080340727784,-0.271620659314727,-0.526121767580873,0.63994171158169,-0.649110341431977,0.780193096322786,-0.768445789327107,-0.728691183335632,0.343751989465025,-0.7202388526924,-0.720668632216632,0.731054970718909,0.439664453289503,-0.645099065872476,0.553197877607499,-0.661287427951888,-0.778259088463741,-0.611719522823779,0.268970352248629,-0.292035186715755,-0.673106364868272,0.850462048534745,-0.698176837115149,0.488157909607032,0.809919513415511,0.608352916550627,0.794375820622448,-0.525763617977346,-0.663866105097281,-0.730410301432561,0.64087290055086,0.324483540795283,0.306647690539648,-0.80469052920402,-0.844301875354084,0.610358554330377,0.692876222982952,0.631847530541985,-0.390956107209857,-0.645313955634592,0.536651365924561,0.463517216884388,0.425983138434779,0.712431191335515,0.742873907635293,-0.503844862241506,0.704408640216515,-0.722316120392855,-0.466239153871191,0.714436829115265,-0.633423388797503,-0.747386592639731,0.478487870311808,0.693592522190005,0.540591011563356,0.0233513541499475,-0.0347405115420998,-0.546966074506133,0.685713230912416,0.417387547950135,0.631775900621279,-0.819876072393556,-0.724751537696837,-0.785708600217099,-0.7977424268956,0.271549029394022,0.700612254419131,-0.419393185729886,0.0795808419036555,0.598826137096814,0.702761152040292
moderate,0.346901380126494,0.801613548579826,-0.244591142224494,-0.779611346880472,0.435643593647225,-0.17858453712643,0.31316467085415,0.611294503880407,-0.414374798671182,-0.434176780200601,-0.0784745193943654,-0.198753222017505,0.562889660141827,0.659699347618988,-0.647598136684343,-0.676200998893504,-0.532453281124386,-0.496149648320451,-0.08434177318086,-0.400440070928257,0.190319044699419,-0.176384316956494,-0.298129833026258,0.127979473217914,0.723505732547117,-0.479647997045935,-0.606894063540537,-0.780711456965439,-0.599559996307418,-0.627796155154923,-0.444444474326967,0.0256692353159139,-0.385038529738709,0.553355372738773,-0.823982453640837,0.0539053941634193,0.672900668638601,-0.579758014777999,-0.567290100481698,-0.363036328039354,0.468646896196257,0.0524385807167956,0.612761317327031,0.57425746435316,0.276861038050215,0.583425048394558,-0.81921530993931,0.649798356854278,-0.551155152568838,0.357535777614515,-0.716538368675655,0.170150359808344,-0.779244643518816,0.809314319174601,-0.131279803472817,0.759809365351052,-0.800880141856515,0.227356084226666,0.551155152568838,-0.779978050242128,-0.0594059445882579,-0.367803471740881,0.56618999039673,-0.562889660141827,0.303997086812752,0.741107493906601,0.115144855559957,0.661899567788923,0.643197696344472,0.557022406355332,0.829483004065676,-0.470480413004537,-0.715438258590687,-0.700403420762794,-0.68463517621159,0.342500939786623,0.258892573329075,-0.581958234947934,-0.573890760991504,0.587092082011117,-0.830949817512299,0.578657904693031,-0.82911630070402,0.393839410418451,0.468646896196257,-0.419141942372709,0.765309915775891,0.598826589584106,0.277594444773526,-0.713238038420751,0.482581623939182,-0.717638478760622,-0.823249046917525,0.664466491320515,-0.693069353529676,-0.271360487625376,-0.183718384189613,0.760176068712708,0.429409636499074,0.249358285926021,0.697836497231203,0.114411448836645,0.194352781677634,-0.469747006281225,-0.24679136239443,0.176384316956494,-0.143014311045806,-0.839750698192041,-0.6263293417083,0.655298907279117,0.394206113780107,0.843051028446945,-0.506417342446816,-0.467913489472945,0.380271386037182
moderate,-0.642574317420514,0.543657458544569,-0.333206303097694,-0.722227912639994,-0.0523479189864422,-0.812091037597401,0.783581407385833,0.697763567796284,-0.0462799909346559,0.62581527803939,-0.756323889311936,0.441465844847025,0.367205963451354,0.754782828219419,-0.764221827411087,-0.721938963685147,-0.683605069008783,-0.797162008263641,0.630631093953506,-0.105899791951413,0.737060625655472,0.570818660300183,-0.5914303524126,0.656829132526297,0.599039341556904,-0.0136287590369486,-0.804000466861686,-0.214063017382461,0.178233346981438,-0.805252578999356,0.0913560278907828,-0.632750052955717,-0.59595721937187,-0.518615215791165,-0.620999462125273,-0.746499624847139,0.720879484184042,-0.649701724973405,-0.67021710076754,-0.58478452645112,-0.454757496769985,0.4089109292676,-0.805348895317638,0.657695979390838,0.66482338694373,0.433375274111309,-0.703638863211506,0.287456051913591,0.426055233921853,0.193932906861456,-0.670506049722387,-0.658948091528508,-0.835495902940005,-0.786085631661174,0.800629395721805,0.675803447227915,0.585747689633943,-0.718375259908701,0.746403308528857,-0.730222167057427,-0.751315440761256,-0.641033256327997,0.410066725086987,-0.727525310145522,0.74736647171168,0.655962285661756,-0.101276608673862,-0.763740245819675,0.66646076435453,0.790227233347314,0.703446230574941,-0.587481383363025,-0.668001825447047,-0.644789592741007,-0.666268131717965,0.683027171099089,0.504553033321946,-0.746306992210575,0.646812235424936,-0.764414460047651,0.641129572646279,0.230629424127021,-0.673588171907421,0.828368495387113,0.717797361999007,-0.521504705339634,0.637565868869833,-0.010450320533632,-0.635446909867622,-0.739372217294248,0.73407481978872,-0.564076518020421,-0.750641226533279,0.6105009834325,-0.762488133682005,-0.70132727157273,0.302962979157045,0.789071437527926,0.703831495848071,0.553963304600777,-0.535085306217442,-0.404961960218024,-0.683412436372218,0.51466624674159,-0.661355999485566,0.707395199624517,-0.0233567071834632,-0.6486422454723,-0.644789592741007,0.808527333820955,0.619747349987603,-0.542020081133769,-0.524297878569822,-0.733496921879026,-0.41430464309141
moderate,-0.0850625902746876,0.280382262371697,-0.432297562891594,-0.624374379640889,-0.483684347632314,-0.437286571118848,0.587206268347843,0.478944789816423,0.53831398772075,0.160646064917592,-0.432547013302957,0.227748225574164,0.260675679874043,0.597184284802352,-0.521850260570811,-0.503640380541332,-0.377917373214521,-0.467220620482375,0.573237045311531,-0.491916211207284,0.0788263299906196,0.455995351971053,0.660045788465758,0.521101909336723,0.52359641345035,-0.343742666857828,-0.514366748229929,-0.729143552413231,-0.322040481069272,-0.700207304695156,0.424065699316624,0.298342691989813,-0.540559041423015,-0.346237170971456,-0.357961340305504,0.367939356760012,0.382906381441775,-0.552782111579788,-0.53557003319576,-0.49890082272544,0.633354594449946,0.255437221235425,-0.0251944915476347,0.67127105697708,0.444021732225642,-0.639590854734015,-0.570742541197904,0.460734909786944,-0.167381226024385,-0.706942465801949,-0.572488694077443,-0.0982834620769118,-0.522598611804899,0.333265749580594,0.353471232900975,0.642584259670367,-0.188833961401579,-0.0409098674634861,0.468966773361914,-0.452004145389249,0.341996513978289,-0.58047110724105,0.490668959150471,-0.545049148827544,-0.574234846956982,0.429553608366604,-0.310316311735224,0.242216349433201,0.661293040522571,0.554528264459327,0.210536147190136,-0.46223161225512,-0.242964700667289,-0.467968971716463,-0.589950222872833,0.69696444934744,-0.109259280176871,-0.0411593178748488,-0.287865774712579,0.381908579796325,0.146926292292642,-0.140440581597211,-0.567499685850188,0.1137493875814,0.545797500061632,0.309817410912498,-0.530331574557143,-0.46123381060967,0.691725990708823,-0.300587745692078,0.726898498710967,-0.0616142516065919,-0.706443564979224,0.306824005976146,-0.648072168720347,-0.355466836191876,-0.119985647865468,0.533823880316221,0.573735946134256,0.593193078220549,-0.461483261021032,-0.387147038434942,0.152164750931259,0.380162426916786,0.359208592362317,-0.0743362225860906,-0.567250235438826,-0.575232648602433,-0.271152597151277,0.0636098548974936,0.054380189677073,-0.117990044574567,-0.449010740452896,-0.643332610904455,0.585709565879667
moderate,0.0257414297583354,0.375905790557382,-0.459393851822418,-0.321200736914352,0.0048477404905537,0.103565365025467,0.318036339992053,0.489491745836795,-0.0543943936712061,0.314597406350468,-0.246642343676625,0.247104721309107,-0.148488241881299,0.272521041794603,0.0339775313369216,-0.291912003756818,-0.0708521475273634,-0.503680959433587,0.175436188274392,-0.221095979481993,0.361658779756529,-0.206805620778095,0.0387313513708774,0.42575587905935,-0.213423400642994,0.277173716721454,-0.44835458584691,-0.227887150959072,-0.538489325578875,-0.481342340064299,0.239793374995485,0.286768052595456,-0.249243217859336,0.258505219809992,-0.110298739298486,0.0677455478091247,0.208279449481631,-0.0811833977531337,-0.215374056280027,0.536928801069248,-0.112740671170032,-0.232785464003179,0.107177690279233,0.487728931112957,-0.104143337066069,-0.264761767149514,-0.408228876928079,0.258620814218112,-0.410844200411805,0.142838565184409,-0.270859372177871,-0.292099844670014,-0.188686197305205,-0.200997001770039,0.0711555828486797,0.32088285229202,0.0266228371202543,-0.22163060361955,-0.0897662825560813,-0.114633529603005,-0.478885958891739,-0.20333778853448,0.445146841021566,0.251497308817686,-0.585998627316404,0.301434093125745,0.499057183108767,0.260109092222664,0.544399089694036,-0.0551457573239894,0.285352021095979,0.363941769316909,-0.176505436549507,-0.285901094534552,-0.407202976556009,0.105660513672651,-0.0776722176064733,-0.176779973268793,-0.318469819022505,0.0583535021493335,0.280135823429542,-0.344276270635408,0.259169887656685,-0.139847559874291,0.271943069754001,-0.212065166347578,0.378058736408626,0.607455839323773,0.0453780298378066,-0.105039193729003,0.296376837770473,-0.12820142325615,-0.351067442112488,0.130152078893184,0.149875374778745,-0.250745945164903,0.189090777733627,0.267839468265723,0.0252790521258534,0.338250912112127,-0.0362460715962865,0.319322327782394,-0.210634685547087,-0.312372213994148,-0.081038904742983,0.178701730303797,-0.105198136040169,-0.341819889462847,-0.449337138315934,0.189986634396561,0.27062818336163,-0.240775927464509,-0.357526279666221,-0.180955821262146,0.390268395766355
moderate,0.7808547464887,0.714529956287821,-0.723282093551442,-0.797401756002734,0.660239354824421,-0.745025684565751,0.701128246102901,0.450119684425141,-0.253606852427897,0.656547046916331,-0.632000036934768,0.713094058768008,0.692581237056396,0.55596584445706,0.639384652750949,-0.727863290400369,0.391589766474675,-0.823658167793597,0.749948761776538,-0.772376113514567,-0.73326500011776,-0.661743628416606,-0.597743624676376,0.778666712172795,0.714803460577309,-0.332991472451836,-0.773333378527776,-0.509675243461188,-0.759453035836251,-0.771897481007963,0.544820544660417,-0.675076962529154,-0.150495735290861,-0.799247909956779,-0.765265001987875,0.496820541855245,0.76109406157318,-0.765265001987875,-0.736341923374502,-0.134495734355803,0.611145334861296,-0.639863285257553,-0.571350460740769,0.574564136142255,0.634188071250674,-0.65887183337698,-0.775316284626565,0.377230791276546,-0.772581241731683,0.810119705463933,-0.766564147362944,-0.635965849132347,-0.778871840389911,-0.766017138783967,0.2044444563924,0.795282097759201,-0.755760727928161,-0.76109406157318,0.536752168120516,-0.778803464317539,-0.774906028192333,-0.788717994811485,0.826529962833223,-0.765743634494479,-0.739076966269383,0.767042779869548,0.605880377288649,0.659418841955957,0.779965857547864,0.694974399589418,0.762461583020621,0.526427381192338,-0.370119679749854,-0.725401751794975,-0.706256451530804,0.338393182169227,0.708170981557221,-0.700991493958157,-0.725812008229208,0.680820552608405,0.466666693939175,-0.503658149092449,0.322529933378914,-0.367042756493112,0.812854748358815,0.751931667875327,-0.610461574137576,0.751794915730583,0.175658129923771,-0.388923099652165,0.787145345146928,-0.765470130204991,-0.694153886720953,0.751453035368723,-0.769641070619685,-0.670085509245995,0.758906027257275,0.81770944949723,0.72991457257153,-0.687794911990353,0.649504311462011,0.523692338297457,-0.379213697375335,0.604717984058324,-0.461743616728388,-0.750837650717374,-0.601094052222606,-0.736410299446874,-0.745641069217099,0.21750428621546,0.323760702681611,-0.509811995605932,-0.290735059725915,-0.70947012693229,0.596376103228935
moderate,-0.800233072407861,0.59624094118046,-0.527422034455975,-0.715868296946715,-0.261815179577175,0.317552806511056,0.669989025797058,-0.639845207149143,0.627711846183944,0.472442742582419,-0.267313108764531,0.540124146716417,0.522682440328944,0.674159868628845,-0.750562125956579,-0.687999483479774,-0.546001243433935,-0.598326362596354,-0.599843032717004,-0.747718369480361,0.213660903246543,0.795872645810993,-0.552447091446697,0.592070098348673,0.799474737347536,-0.554911680392753,-0.654443157060397,-0.551499172621291,0.0745064196769224,-0.607995134615496,-0.335563264193773,-0.609132637205984,-0.287977739158384,0.678520295225713,-0.358502899768601,-0.601359702837653,0.582780493859693,-0.632072272780812,-0.773501761531408,-0.624299338412482,0.731034998153213,0.647997309047635,-0.681743219232094,0.735205840985,0.644774385041255,-0.508653241712933,-0.7846872036712,0.384665459349811,-0.69501408278778,0.592259682113755,-0.59624094118046,-0.735774592280244,-0.352436219286002,-0.712645372940334,-0.764780908337671,0.765160075867834,0.620128495580695,-0.715489129416552,-0.509601160538339,-0.633778526666543,-0.768762167404377,-0.816347692439765,0.458034376436246,-0.643068131155524,0.489884448969892,0.517563678671751,-0.755870471378854,0.719470388483258,0.625057673472807,0.0589605509402617,0.503724063820821,-0.436042659686823,-0.607236799555172,-0.61633682027907,0.600980535307491,0.836633155303457,0.603824291783709,-0.543915822018042,-0.656907746006453,-0.711887037880009,-0.670936944622464,-0.533299131173493,-0.6826911380575,0.446090599236128,0.711887037880009,-0.631882689015731,-0.0231292193399097,0.366275834136931,0.669230690736733,0.684586975708312,0.644584801276173,-0.73368917086435,-0.492538621681029,0.71662663200704,-0.485713606138105,-0.689705737365505,0.37992586522278,0.697478671733836,0.780705944604495,-0.632641024076056,0.629038932539513,-0.625816008533132,0.676434873809819,0.384096708054567,0.254421412739007,-0.0898627046485018,-0.226552599272067,-0.611976393682202,-0.508842825478014,0.737291262400893,0.659751502482671,-0.789426797798231,-0.323240319463493,-0.657286913536616,0.835495652712969
moderate,-0.527238263583283,0.495589582003931,-0.307855357180962,-0.356047667767701,0.34166190341345,-0.0827181450369406,0.412871436966991,0.368275567468814,0.46969520616628,0.500264955419063,-0.486598479282525,0.632254343369311,0.581544524020578,0.362161617618257,-0.425818624885816,-0.371152720339664,-0.0701306012269714,-0.320442900990931,0.595570644265973,-0.146375152304499,-0.269733081642198,0.49954566720135,0.253908740852522,0.304978204310112,0.277285607928179,-0.521124313732726,-0.403880334245584,-0.54773797778809,-0.214707532987189,-0.473651291363699,-0.0377626314299077,-0.440923677457779,-0.144576931760218,-0.328714715494625,-0.454230509485461,0.328355071385769,0.371872008557377,-0.320083256882075,-0.378705246625646,-0.267934861097916,0.398126028503884,-0.0809199244926593,-0.411792504640422,0.336626885889463,0.476888088343406,0.393810299197609,-0.325118274406062,0.474010935472555,-0.278364540254748,0.590175982633129,-0.260382334811935,0.530834704671845,-0.245277282239972,0.518247160861876,0.249233367437391,0.397406740286171,0.120480776466848,-0.630096478716174,-0.46394090042458,-0.307136068963249,-0.443081542110917,-0.220102194620033,0.36863521157767,-0.399564604939309,-0.377266670190221,0.433371151171798,-0.0165436290073881,0.353170514896851,0.30030283089498,0.367196635142245,0.332311156583188,-0.321881477426356,-0.312530730596093,-0.515729652099882,0.331951512474331,0.240242264715984,0.366117702815676,-0.41970467503526,-0.217944329966896,-0.350653006134857,-0.546299401352664,0.123357929337698,-0.506019261160763,-0.328714715494625,0.266136640553635,-0.31864468044665,-0.288434575302723,0.200321768632939,0.277285607928179,-0.27620667560161,0.498107090765925,-0.401722469592446,-0.357486244203126,0.515010363882169,-0.409634639987284,-0.254268384961378,-0.426178268994672,0.355688023658845,0.126594726317405,0.466458409186574,-0.356766955985414,-0.121200064684561,0.338425106433744,0.439125456913498,0.277645252037035,-0.0154646966808193,-0.58621989743571,-0.415748589837841,-0.495589582003931,0.307855357180962,0.281601337234454,0.30030283089498,0.0701306012269714,-0.461423391662586,0.315407883466943
severe,-0.226735319044294,-0.655561807714676,0.487807848131391,-0.611485815063195,-0.69447121616531,-0.081019355786749,0.588350491119574,0.526442924677555,0.564117839558075,-0.715914826698034,-0.487122018370216,0.71115974035389,-0.654693090017189,0.478114787506791,-0.657299243109652,-0.540662461725907,-0.52630575872532,-0.0685829761174511,0.423294128596909,-0.480263720758471,0.416847328841868,0.217499478260477,-0.60595345498972,0.416893050825946,0.0782760367420509,-0.338159794243112,-0.25965514758067,-0.568369984077357,-0.342503382730551,-0.494803311695371,0.542765672993508,0.528774745865548,-0.680891786894055,0.0124363796692978,-0.336696690752607,-0.171823216166254,0.215579154929188,-0.197198917329711,-0.103468849969195,0.402444903857203,0.558265425596052,-0.451275982852829,-0.712348511939926,-0.381870011021968,-0.220425685241488,0.555979326392137,-0.520041846906593,0.471988041640299,-0.556665156153312,0.507285413348747,-0.622139037353439,-0.618984220452036,-0.0631420600121334,0.487122018370216,0.515241038578371,0.596077506428807,0.539976631964732,-0.595254510715398,0.32101405021375,-0.55995713900695,-0.730865915491638,-0.242646569503542,0.534398549907179,-0.385984989589015,-0.571341913042446,0.590682312307568,-0.187185802816563,0.612445976728839,0.604124575626588,0.198936352724687,0.513000661358535,0.172966265768212,-0.514966706673902,-0.386990873238738,0.663060213103518,-0.0375834709123632,0.80562135945966,-0.475097136557623,-0.408388761787382,-0.255037227188762,-0.472308095528847,0.37455449356944,-0.405371110838215,0.499238344150966,0.578154488670113,0.433993072871231,0.102097190446846,0.373685775871952,0.611394371095038,-0.184945425596727,0.420916585424837,-0.548846696875922,-0.546697763624242,-0.235010998162466,-0.578611708510896,-0.47034205021348,0.483647147580266,0.550172634414193,0.579388982240227,0.631329156153177,-0.273966128597178,-0.319916722595871,-0.450178655234949,0.511400391915794,0.497592352724147,-0.0194318432332778,0.309217778321548,-0.460511823636645,-0.578931762399444,0.44263452786203,0.59223685976623,-0.272091527249968,-0.581263583587438,-0.508839960807409,0.543405780770605
severe,0.391697853206521,-0.54762409439978,-0.374520342764658,-0.5079861191076,0.32343069384457,-0.16627070880742,0.345638083034602,0.10091391953875,-0.284267235415425,0.127834842901595,0.345100297256496,-0.522063452710969,0.219226790722112,0.623704964773038,-0.443736535852679,-0.750274429373207,-0.613866648479449,-0.298186396731115,0.370376228827487,-0.422699621591466,-0.497262038003012,-0.524594209313821,-0.0254657383162049,-0.108284748144558,0.671504630109418,-0.212425382351945,-0.373761115783803,-0.195089699622405,-0.817054769230982,-0.5528754143507,0.449177662548812,-0.483659221262679,-0.620731325764687,-0.674984420438341,-0.618706720482404,0.475117917728052,0.643033618327326,-0.559708457178402,-0.648126765990567,-0.318812063044364,0.451550246863986,-0.112745206657086,0.241940331232714,0.455915802003907,0.16699830133074,-0.373697846868731,-0.720791114949974,0.452847259622948,0.339184653697328,0.561163642225042,-0.614784047747983,-0.439434249627829,-0.174558936681762,-0.639205848965511,0.600074024993902,0.345922793152423,0.248868277433024,-0.111036945950161,0.54521987562707,-0.731388658224419,-0.466450076363281,-0.628481767860923,0.58602832584807,-0.628513402318459,-0.322007143255466,0.461894714478146,-0.339722439475434,0.3995748331329,0.660843817919901,0.752710282603453,0.709244537949458,-0.237195162602366,-0.470309480182632,-0.591153107968846,0.303216275479285,0.609880706829956,0.426685563240959,-0.671789340227239,-0.469170639711348,0.134984230304654,-0.0614973854493197,0.621965069608577,-0.695420280006376,0.584541506343894,0.367339320904064,-0.225079165366209,-0.507954484650065,0.086741682562775,0.511529178351594,0.571982626702237,0.640407958351866,-0.332003631836734,-0.59710038598555,0.647905324787817,-0.821420324370903,0.501785765430611,0.747585500482676,0.504316522033464,0.237986024040757,0.598397398744512,0.537627605818512,0.306727700265743,-0.535349924875945,0.254246135214086,0.698710263590084,-0.650119736815313,-0.67375067659445,-0.367244417531457,-0.420010692700935,0.515926367949051,-0.397392055562939,-0.363005400221679,-0.583655741532895,0.314193432244158,0.555659246613837
