group,CD80,CD11b,CD52,CD3,CD8,HLA-ABC,CD45RA,CD7,CD49f,CD45RO,CD279,TIGIT,CD5,CD183,CD69,CD62L,CLEC15A,CD27,CD95,HLA-DR,CD57,CX3CR1,CD21,CD11a,CD244,CD54,CD62,TCR,CD267,CD2,CD81,CD18,CD28,CD38,CD127,CD45,CD26,CD207,CD49d,CD73,CD158f,CD99,CD94,CD85j,CD82
healthy,-0.190527760631549,0.0419251887177616,-0.0718859819032489,-0.182111677988539,-0.199585048914699,0.156755124367841,0.257962955154523,0.119264606300065,0.0765069242691241,-0.313468590030899,-0.0719454988361507,-0.0009658627968881,-0.015507665133446,-0.0537571032289109,-0.0472712023715546,0.393384779697582,-0.149165288922419,0.106715638933858,-0.399174460999642,-0.0764265922993948,0.0373606778442769,-0.243490620085135,-0.0569617120721837,-0.0730548791388971,-0.253362816573639,-0.297867686334768,0.0014868452997104,0.232291555934475,0.0892362768127975,-0.197156608663458,-0.232045036851476,-0.239679190389024,0.183881886236456,-0.0626382915368078,0.0303028961592429,-0.0062052930139922,-0.0228787393782653,-0.461475798890292,-0.258246046535716,-0.134570961929686,0.0368057253969182,-0.334416780976056,-0.169885813660393,-0.119243834635718,0.0540870301215814
healthy,-0.12398587668712,-0.259018671602213,0.18099486605047,-0.317117556412242,-0.166873355771617,-0.243828352927955,0.352916366394014,0.456103020946108,-0.0741078586906593,-0.372746324299199,-0.41063505698201,-0.448208448609844,0.331861098363132,0.0517879526425095,-0.252378726801248,0.493684941170064,-0.582700650678595,0.457627756902006,-0.462329878012698,-0.125151019640785,-0.558205430047727,-0.327214961494927,0.0917061771964836,-0.44791454491091,-0.584703503393203,-0.373911414675297,-0.226775839439098,-0.0536469673272895,-0.107205814276237,-0.194143625172912,-0.296083461421931,-0.379622417012827,0.44629451773332,-0.0696374485260558,0.427785185033496,-0.290242600219747,0.180618942843597,-0.155534494018194,-0.371106488371312,0.541206602399226,-0.207745563478491,-0.467567189271456,-0.269031607398465,-0.164535950636721,0.0039134491078526
healthy,-0.126037888660605,-0.173677765551612,-0.0547412859715216,-0.187309354255371,-0.226967849148015,-0.155726611658881,0.258886763668181,0.0240731530127478,-0.140650309581867,-0.349218848691535,-0.278003825542936,-0.357426062706951,-0.155800620744803,0.0305405501519817,-0.129853441865878,0.206717671442032,-0.340898888904064,0.0766958259651358,-0.396982023865995,-0.0298361659740425,-0.109321961017797,-0.156838010020618,0.204376097697095,-0.273112203250183,-0.403058696653267,-0.268697627162409,-0.0923075969763372,0.0049705194219701,-0.195209313727251,-0.274171323758623,-0.290969067575909,-0.152754855222929,-0.0283253179432074,0.1642507037413,0.136479537252205,-0.235414817622844,0.299430534557384,-0.109011123799676,-0.02379211280305,0.19783534716572,-0.200074732621325,-0.335730090787441,-0.15902670976914,-0.134826856258076,-0.127279682147592
healthy,0.0026507514792007,0.0594612402996802,-0.104728053601357,-0.0324822487012621,0.0273751186861336,0.158031078096968,-0.345433972877647,-0.0277399882595214,0.185749444226038,0.10092974531757,-0.115493661829892,0.0866193302523942,-0.0369516575313177,-0.0463981047177302,0.0036146052716956,0.167669666928574,0.0118558910847922,-0.0127247963987045,0.145818209125352,0.0981938306897974,-0.0606998501235707,-0.132760300310985,0.051537185926229,0.0407409043203085,0.227773811032182,-0.0053964493751895,0.0815735785221726,-0.150483289671171,0.0612788695191094,0.0276479494099832,0.134772713443575,0.228603461409273,-0.0410135876965588,-0.0210382739102151,-0.136512851798004,0.0390048875414185,0.09317625627611,-0.100034223916059,-0.228111884624922,-0.203817445929537,0.0885584942542949,-0.0008289662138637,-0.0916920052043439,-0.147458805090646,0.124260870066848
healthy,0.0781157475819073,0.0131469018097437,-0.0512986917266968,-0.349950484618626,-0.232568013213244,-0.17291609965526,-0.374111490688603,-0.200015132051908,0.059382596485478,0.156927849673838,-0.0252557393469067,-0.166333387730116,-0.0031110408765276,0.240147540488555,-0.208768502506634,-0.172806597873447,-0.291295357333124,-0.0679097641122546,-0.0494032249438313,-0.0720171897000557,-0.31369106755322,0.00204045551708,0.134617835558599,-0.370196599173778,-0.321077043065407,-0.129475212615304,0.0136592070403894,-0.443019624643613,0.0050443140356668,-0.173748992243209,-0.266094401951115,-0.171491138071656,0.116239160986492,-0.224213428748449,0.145563816142142,-0.26971064955415,0.260728949589438,0.0076310900741604,-0.172368705663192,0.155195465184368,0.148242525311478,-0.034527968667195,-0.0537574328599704,0.0131120941525467,0.356985981956472
healthy,-0.113278137513407,-0.27249373549526,0.0039551092935788,-0.493815904237731,-0.120305556883057,-0.287949767378863,-0.503677192653191,0.0707618809291138,0.124998925240716,0.0862536501199007,-0.145318168138613,-0.321260662942193,0.0872237323197451,0.0608635083070947,-0.204971478768001,0.180784597611939,-0.590815362112888,0.161764974423777,0.0592054297130724,-0.0267247659571624,-0.436433289620386,-0.218169090787843,-0.0199846679968108,-0.474757822946207,-0.571299014222961,-0.328653166966889,-0.127144149778415,-0.271178350105737,-0.0632898572785876,-0.129775736508698,-0.495529398799968,-0.20987760897845,0.282311378978776,-0.0804508638491339,0.266680960492912,-0.418122770531103,0.21329323777251,-0.114265376373727,-0.0722650062840212,0.311468144091382,-0.0096311572746228,-0.0788663898587978,-0.147091192262677,-0.210323706502797,0.163356516941378
healthy,0.110576589698004,-0.3690084295237,0.336209950375236,-0.249786812852139,-0.143528393661425,-0.242400015961213,-0.344278931354788,0.270322761760806,0.215591795310709,0.351223494708052,0.0989452542526501,-0.339296040404974,0.277823815259651,0.117079573082113,-0.147491662081829,0.329970917640966,-0.586337979342264,0.691602148956902,-0.11663692812783,0.0736081755762224,-0.601093941143941,-0.36169177065394,0.0960538264929388,-0.398800060910614,-0.539076762508114,-0.139848462752306,0.0505700462917244,-0.197928302565343,-0.0314057433764473,0.0592523222171463,-0.0151379357717933,-0.207050725846905,0.7370981282902,0.0174646079326102,0.49913443861776,-0.0787513324196741,0.551123805957044,-0.0520091442962966,-0.330631023360329,0.423209462305564,-0.0250666265879435,-0.23715791789188,-0.585190731172362,-0.179743081167493,0.148606585338407
healthy,-0.0506823221453439,-0.139313223767765,0.311342593201902,0.213646722373654,0.33213238399918,-0.0515282924488759,0.0863658916574262,0.402786813777803,0.0784586280635678,-0.0613598599470731,-0.184814231584639,-0.152357768217303,0.237607525139183,0.13566316779918,0.0048049198725918,0.106590083472589,-0.392464536402451,0.503747529293139,-0.231263031621177,-0.0229242111976605,-0.0787100672081293,-0.245262606166145,-0.0675705025139088,-0.0984205040669367,-0.0996824736048174,-0.182313770080647,0.0571911521540379,0.135535264995425,-0.181192359081456,0.132284731221234,0.0378489058010296,-0.0869672239024429,0.246914639291749,-0.096400941707053,0.463362491942209,0.175137405603467,0.0612574580540011,-0.204996594278684,-0.168919267458911,0.450322216936847,-0.220628894435378,0.0890582704367505,-0.412026779425334,-0.0955213560566041,-0.0881911837901313
healthy,-0.0494842075253584,-0.183724427896853,-0.211018424479914,-0.305125641155676,-0.169752804136113,-0.218843445028638,0.139990428103193,0.117971586260733,-0.150477409457492,-0.24477575987954,-0.289778317946061,-0.211133864930133,-0.147039297242144,0.0717144002803264,-0.0518356433528958,0.556918738158988,-0.484973280264234,0.189533498079908,-0.36463224133444,-0.08854517605152,-0.310419458797356,-0.214898781428719,0.168160708104213,-0.411741024970172,-0.503055894412463,-0.381324517100103,0.0280433435012046,-0.144651091472848,-0.0993261018562968,-0.357685794304925,-0.464685778729642,-0.266805494711257,0.173570860984001,0.0925480087036145,0.24119975346294,-0.403220203913713,0.223383055918029,-0.0315315695793558,-0.196143291572537,0.387738484591333,-0.0779053121696481,-0.421804646046967,-0.312900966612927,-0.185788403036259,-0.0319314164648275
healthy,-0.115528700735015,-0.165244065597858,0.140376720943395,-0.123827470619651,-0.131611114207257,-0.0750612812852753,-0.32610830618243,0.23516890307606,0.269443119668879,0.202045088134355,0.115519462864704,-0.252010474609129,0.289522406015445,-0.109684249562061,-0.187098409191868,0.132852292503618,-0.25124382961367,0.270886612282061,0.0692533481581875,-0.149275768915133,-0.42475007636653,-0.302453286607259,-0.0310086698667064,-0.145530265828926,-0.395568781086332,0.0532958381419648,-0.103752804285467,-0.0728521465852574,-0.0980237809968315,0.0178878774436921,-0.158529666164955,0.107560042445678,0.521914116839715,-0.0855677319603479,0.543240631549172,-0.0873889946871093,0.278305523611913,-0.109642280567978,0.028956747278554,0.0979279780705363,-0.085627487983383,0.193250525617601,-0.300646393524394,-0.191980776786168,0.391658418517852
healthy,0.0,0.0240311614111479,0.716264250346141,-0.455322521379634,-0.323545089607306,0.0,0.503558947677287,0.460670616821978,0.0555766939738339,-0.248998392878908,-0.143285910917387,0.0,0.503623426717023,0.0756505580839399,-0.0767887006798625,0.568521521980912,-0.73803411439739,0.455805612254743,0.0236108910280052,0.0458776717849187,-0.356413053154943,-0.0633548800839353,0.0,-0.459470811603016,-0.646812102053031,-0.606464316272124,-0.222808962892328,-0.290710306776825,0.0,-0.299274480443492,-0.0923479682650046,0.0,0.211862039998699,0.028400463485902,0.462685620639547,-0.349325745677885,0.192134363065802,-0.0458776717849187,-0.655239351163077,0.522442635344007,0.0,-0.308632781003634,0.0,0.0,0.251908955964284
mild,0.0684381932400751,0.0002757265691768,0.0181819619030314,-0.181535403925435,-0.104263767841488,-0.0300357109825053,-0.2854574115926,0.0340458309708258,0.150762109298808,0.16036819200642,0.106323736846129,0.0762273877016079,0.0855815378716777,0.111245337586035,-0.0174829439884598,-0.0239637202271219,-0.216488902099672,0.0930915399175901,0.167966800855642,0.107454300793754,-0.273723538731138,-0.19323210020926,0.10995133310038,-0.0991915797911656,-0.206710430509772,0.0328650938854044,-0.0347181773094646,-0.24312006920231,0.0117358448318296,0.0563320345845513,-0.0571889552157546,-0.1124108812085,0.315824527981643,0.0015069468042443,0.437192725046107,-0.0527385386612556,0.287633189496339,0.17617590634867,0.0957898601164244,0.0937912551643904,0.109449940916573,0.0712478334887742,-0.177645803219358,0.056144107855074,0.225577937143783
mild,-0.110514868210577,-0.165053273003345,-0.442644432128966,-0.450283807427091,-0.221281218318679,-0.295074487652582,0.0826893861932889,-0.121829136475155,0.0329712838382103,-0.198588234640072,-0.111341871230154,-0.231498641020089,-0.22488214903924,-0.0112236686993575,-0.0337732934267421,0.606716913581065,-0.321548813411088,0.183453786990444,-0.295470628801738,0.0030547465803162,-0.112114302695938,-0.157490214497313,0.0288016422985788,-0.41981289475104,-0.228379067502962,-0.187494582664667,0.0144379896139344,-0.346592658725692,-0.0154337047457151,-0.319235001705362,-0.320734008048619,-0.0778841572977924,-0.0258179377321341,-0.0680619328797677,-0.120527884619598,-0.487396081447113,-0.00455937394298,-0.0624697249614494,-0.0791965841711131,0.251172417232961,-0.0339860080967799,-0.267808768339579,-0.0749093873225786,-0.0455228833316959,0.0224084937754072
mild,-0.047603697021786,-0.148434145439831,0.225786111269968,-0.159630276081226,-0.0875783423537275,-0.338598313171922,-0.0217706328490349,0.435741065504066,0.0883912590475862,0.0524174125860245,-0.234667967458565,-0.372568518092604,0.173131915476876,0.184438565564477,-0.123923940390368,0.375483035520124,-0.477127453245571,0.387183829816371,-0.16556875266029,-0.0554626929737174,-0.257531406428698,-0.348799559774924,0.127277763090625,-0.34351896890075,-0.513743858171795,-0.343742779286474,-0.0706628976100209,-0.0975719997703012,-0.0732803339640251,-0.105328007399924,-0.309644183869929,-0.242018678269235,0.483156444578605,-0.0339026244958962,0.44761649027671,-0.218806659314759,0.536317410140142,-0.0563599768144449,-0.216375290180115,0.445418511634121,-0.0477766036720603,-0.188161719495754,-0.22978385514763,-0.270838159921322,0.175126207765674
mild,0.0906337927819149,0.115713624211716,-0.0430905296583872,-0.0527715251499135,-0.0368842403970607,0.208465413379587,-0.121481435807457,0.138042435768888,0.0606674003968455,0.10223265863971,0.100494789367593,0.016332036111985,-0.0772832100936285,0.0755904640178546,0.0363664544183598,0.108828976597753,0.100799001893677,-0.110858561967179,0.166965466092952,0.0365359569291652,0.0556651761315836,-0.0862101200930436,0.0752170689065454,0.0838609654838574,0.097640383253503,0.214546047461056,0.0139040485277612,-0.220908064911378,0.0462236605189488,0.0928938710663613,-0.0701346865652218,0.0526051299893147,0.0834617280759323,0.0494750827248485,0.15880472296932,0.0097302340845089,-0.0096550177899112,0.0445130648380955,0.124352696851389,0.0051679824102894,0.165233968963449,0.166220593632244,0.116636997967196,0.0050254010705275,0.12633135588459
mild,-0.0620011089082262,-0.318060471927427,-0.133729475904456,-0.293112943172788,-0.187533596425449,-0.190050579648967,-0.0135893117203899,0.0960555193911505,0.0933146061411031,-0.0581684167419466,-0.278602809649513,-0.296018471065072,-0.118225758355786,0.063251559819326,0.0280489840538527,0.147281845635285,-0.398348608366917,0.135325223988856,-0.160790997626613,-0.142856733591713,-0.464720324923567,-0.23800318468302,0.0118122314356302,-0.421833956028288,-0.392638953534996,-0.288152504581048,0.23222489195385,-0.2129581239965,-0.0533685059096839,-0.254629193148863,-0.183525938192617,-0.428715772548768,0.240584822560059,-0.232483550887661,0.372229322379672,-0.250051421546334,0.22406001786789,-0.0335512816291645,-0.305593389126233,0.339570707687643,0.0095178626879752,-0.292589470404157,-0.221121725874923,-0.197295146028161,0.0581000498971179
mild,-0.0063645402732006,-0.209744711251374,0.331863803447731,0.0409940819540757,-0.0131623942725326,-0.0750045669061908,0.0979419370488611,0.361202057428397,0.0836421979631889,0.0204381167688962,-0.0153663668807088,-0.107145914459334,0.531261717592036,0.0783077439264643,-0.110231209351169,0.362574407934365,-0.350662454528998,0.514492127477221,-0.126689327003758,-0.0314758498939354,-0.44705718710777,-0.297283759789126,0.0667310216457552,-0.240293067651413,-0.395718069856874,-0.146366002394569,-0.0536182331765676,0.0809132674184621,-0.0499377513784224,0.0081143052271142,-0.0426036695527014,-0.124896436788191,0.508867964599158,-0.0747805721180089,0.560484478488975,0.0123872505506925,0.46689624485746,-0.0089268021028234,-0.225775549439291,0.424982274796927,-0.0667883373573548,-0.133114607202552,-0.296832164302092,-0.143641568800207,0.0785925167220274
mild,0.0908168603212459,-0.363484958566604,0.439407956095856,-0.32511461198633,-0.217510977480386,-0.469564804189135,-0.336076348757569,0.201539700665434,0.507610463523755,0.165359346132804,-0.284193867605179,-0.513343148138222,0.13751652198764,0.117099671272479,-0.345156912448841,0.567501796672539,-0.770727085722472,0.694462681321425,-0.273831844763619,-0.249861449027735,-0.770336630301071,-0.497943377027782,0.171881139487394,-0.699619785446602,-0.839057603408873,-0.511078757643632,0.0946121168356778,-0.170383357706074,0.0071919788987167,-0.303983138641803,-0.199340665217716,-0.567643885248183,0.738361262609196,-0.652940730415271,0.745460503755192,-0.394979697305279,0.7413619366316,0.0705510991617628,-0.470033949247919,0.431194866925915,0.0213766697221163,-0.199704208998347,-0.667279185358645,-0.327069750186984,0.406977099507924
mild,0.0304401513557178,0.190964261442985,-0.217769686466513,-0.202475789696989,-0.223507251426507,-0.0549759126082272,-0.518808654013601,-0.361433658221465,0.113333036849854,0.119723754745597,0.0954053856820991,0.0988633235025667,-0.326489910471267,0.0147654431434832,-0.0225883147878167,-0.215919077757454,0.215194651221472,-0.357703136014222,0.270827739916388,0.0969829376116411,0.146655120537037,-0.0875272709956405,-0.100473929581573,0.182255840994547,0.214046853711615,0.272525987051619,-0.0227723824297908,-0.226618992616759,0.0457911396794763,0.0343224749543114,-0.117987692827719,0.160002904541237,-0.124292812301324,-0.021433352354997,-0.0917136339275898,-0.134551566382412,-0.134350747541132,0.156407379350265,0.412565074264232,-0.354543047473098,0.0412604228459069,0.352437018514883,0.0023502255149449,0.00830149237669,-0.0182547654709945
mild,-0.0404126565769913,-0.249634315056184,0.0654772693156057,-0.0215212926725307,-0.156009068292778,-0.0786680327646828,0.0264515186135191,0.0248345074348698,0.334153752305071,-0.127860977311498,-0.152486375426236,-0.183843501887333,0.0768884705503805,0.0062507329725045,0.127067645938083,0.147029006889217,-0.248257275688608,0.335466348231511,-0.115217291032594,-0.0913966781059251,-0.133856807540372,-0.217647994476181,0.148272067102696,-0.263141135008911,-0.369925080885872,-0.380213400650663,0.119341166718325,0.050636854726563,0.0909176910093103,-0.108949244955127,-0.13912020917211,-0.328355298313368,0.280423679117259,-0.0255804985625387,0.365121699168007,-0.137635996121158,0.30707783992281,-0.0995848441385437,-0.0584647802379974,0.208913668215357,-0.0364177848911141,-0.184803780936125,-0.211775661854784,-0.0420993896172989,0.0158423714716829
mild,0.0164068520156908,-0.0767196000647282,0.11227257730313,-0.315062868318902,-0.290241901377285,-0.115518808031482,-0.0188872198686744,-0.0051783666321098,0.0710535541873291,-0.0635835865965183,-0.1085534530791,-0.195600416222733,0.210877039044935,0.182416583838641,-0.141416419751579,0.280478360927221,-0.482830715474725,0.470203949090656,-0.290250348356852,-0.171472912587185,-0.422439769858708,-0.292122872628112,0.112560043353218,-0.497678911132537,-0.685189656755987,-0.424637795933919,-0.14651344468468,-0.204751136670343,-0.0495367807513586,-0.341102945186866,-0.308967135123131,-0.417720392798385,0.44424739781743,-0.053782161210239,0.532651522737132,-0.319165061547919,0.228865632925075,0.134923249618055,-0.552353752412422,0.477824381862773,0.160145276531078,-0.301308458386487,-0.432956699732979,-0.108427550038029,0.245416410919652
mild,0.0,-0.195352827222387,0.0625483209833301,0.0224919836613878,0.195162586328174,0.0,-0.14023763081205,-0.148158774142224,0.320183317814563,-0.0646911425545559,-0.188753226525997,0.0,0.127622649097844,0.121776275178063,0.0608881375890313,-0.149565268562938,-0.132891094395506,-0.0166176522926076,0.0587513664866127,0.0,0.0230048696149915,0.0,0.0,-0.0549241834275234,-0.24259875565582,-0.219055309682752,0.385984097363975,0.129306196514019,0.0,-0.0628809022971158,-0.0182664412767094,-0.127865088936966,0.092099543376141,-0.207019667802706,-0.084005536061299,-0.264127524526571,-0.351195788801968,-0.121776275178063,-0.271451083196376,0.125546810099148,0.0,-0.0152289903860971,-0.075273085592501,0.0,0.0974748348146581
moderate,-0.0052935658533036,0.201130439403206,-0.262476227926058,0.0984628792464983,0.0721633729378612,0.149409772862478,-0.0599065396154375,-0.342856996834048,0.198296886425496,0.0553044337353889,-0.079522098281025,0.196265337478984,-0.272607994970357,-0.113530644941626,0.162388798014608,-0.129746688608248,0.582784477374931,-0.364176193908583,0.232147643512026,0.0062479599932442,-0.0167375887894906,-0.0332542796267255,-0.22440142691434,0.366919134028143,0.332933931180957,0.426135392451,0.198493375139967,-0.12601325826445,0.0185875314217942,-0.0716557457869916,0.0615809359286281,0.17343973520371,-0.371653772595564,-0.0659356561799314,-0.348832675367778,0.0514530705309459,-0.244810939093559,-0.0298149260949934,0.189241880895862,-0.354643935214815,-0.0373827613825121,0.225262993789142,0.211954034623122,-0.0832188617667572,-0.107309308814702
moderate,0.0421626471026039,0.0989705978141731,0.0411126047421626,0.160498975495698,-0.0441333604289745,0.0718846767812376,0.236200381169542,0.128115731840699,0.167993312272511,-0.304223659316083,-0.253526884753252,-0.290781488624843,0.128873450563749,-0.0373901357262638,0.0016811096601882,-0.128006233025158,-0.141662859846016,-0.0732134503866863,-0.199176956066721,0.082356023563007,0.0602045054039832,0.0260310784337197,0.0624312973360464,-0.115704693695954,-0.203660837688857,0.139451151367507,0.194705281053933,0.0134012267922964,-0.0489361323153524,0.0246917476275274,-0.165659366743153,-0.109958314165665,-0.041605628857812,0.110983627327353,0.0340028277774033,-0.0708924103419516,0.186627570525192,-0.044098736892238,-0.075644647896056,0.111161157321338,-0.102091776606698,-0.134517878629993,-0.0375923902017811,-0.0603173693127121,0.0371506118775671
moderate,-0.0460089876390021,0.311586877020733,-0.0652866153705808,0.344682038756075,0.0715725414593618,0.179076716642117,0.410231147700809,-0.212481025323985,-0.175694981408799,-0.216718719976378,0.066226931399301,0.185264238010497,-0.0868389837527681,-0.154275993891519,0.0547366710149542,-0.0117514351331855,0.49858652313858,-0.161394298979948,0.0923345455148625,-0.0634606019816233,0.475382267853261,0.12180124941889,-0.0297998520245895,0.426460472277096,0.425675893790796,0.109547732942597,-0.0969546164715496,0.454424705666365,0.109087772933115,-0.0081195373823868,0.156287075907871,0.281970019702428,-0.434255160852901,0.117684837129602,-0.378444901778769,0.175610295129155,-0.296382551102938,-0.0024385139974881,0.263824105379908,-0.291589234466387,-0.0441205257637726,0.196592601394805,0.120615557768654,0.057117483963093,-0.0483501125052918
moderate,0.0140623853857415,-0.280364101105152,-0.119170641488809,-0.205176555106723,-0.194856790855403,-0.194704813991608,0.0103234553975189,-0.110386912737126,-0.0144680449472212,-0.15459140384511,-0.203324086584767,-0.176252560034696,-0.0755725156056942,0.148519025749669,-0.030228886932835,0.316528660009521,-0.282586136049466,-0.0165165950056805,-0.164296984552341,-0.25523402176488,-0.167248684480115,-0.13172284969129,0.0738308418702831,-0.16312989306324,-0.380485609505871,-0.263503026509148,0.0700495189066252,-0.135407466980934,-0.112551185591443,-0.183270185898823,-0.321485293460907,-0.237842883017877,0.274918117120781,-0.217594581701724,0.0576200110468652,-0.21396448995372,0.150766954828856,-0.0266673491174971,0.0133184973672168,0.110272541563354,-0.0631282269217553,-0.127611324453178,-0.219291066552648,-0.159943931187211,0.0363134285671957
moderate,-0.0091487881508937,-0.0402348861511236,0.248981056366094,-0.0020614267974036,0.0721245092063421,-0.015303733342498,-0.217608561854278,0.0333665818713222,0.271272388836003,0.0739986162171685,-0.115291705756919,-0.148054291521384,0.275423946291312,0.0265217257604325,0.163308226515683,0.154057276795643,-0.0141878578975594,0.185472075451834,0.209533717019571,0.0111127955284583,-0.0883671252677792,-0.220232043722781,0.187287038460391,-0.157757519629925,-0.189735213983921,0.0212593120925933,0.0072513388794641,-0.0001931860944843,-0.0144936425226802,0.0659148257967368,-0.0519516085685033,0.0059256089166435,0.315125971928539,-0.0572063303415323,0.331674855778133,-0.0507673666773601,0.184403930873432,0.0416043580039555,0.0436124456226355,0.0466721459900467,0.0559059494127282,0.199059606106411,-0.0395453182318706,0.0690513392444503,0.136707184201913
moderate,0.0797330849646856,0.18978215671935,-0.0602353886230789,0.106365736877154,0.0140766842682065,0.185548650943162,-0.351329558739077,-0.268734916500689,0.114793454532176,0.307797863387677,0.150570712630445,0.134494188901343,-0.198384688297092,0.0120642600621059,0.10527626708316,-0.489972038452806,0.451355225746262,-0.31327946213204,0.4300310620765,0.136217502536238,0.150126834377406,0.103240855851329,-0.158292758615746,0.415798324997741,0.402148896916043,0.393653540746488,0.0714326226762513,-0.078851213125718,-0.0442880626297683,0.218818533865571,0.214403603531082,0.366800176944965,0.0214225147380799,-0.0157855854206255,-0.0652058966813949,0.109906425393286,-0.0915587270320225,0.1116285941612,0.341086201948878,-0.221037466544407,0.0804224541135022,0.48708505110666,0.172633886134109,0.141181596442287,0.0836465091500568
moderate,-0.156170423605644,0.348883915899582,-0.214904402569406,0.13266464391398,0.144605918166369,0.198088939440093,-0.606621393288197,-0.390352728724963,0.0652218891442379,0.651595327546354,0.134688810841224,-0.0428130397864567,0.034722648250678,-0.129614913881391,0.0446276180871945,-0.347418481628416,0.598253973922098,-0.496768465384867,0.574625744300599,0.0249013783550847,0.447103005932008,0.0766638209739397,-0.261845494975685,0.536877729204767,0.555258495822977,0.362578296368963,-0.0383613020188196,0.141847559042528,-0.0316597309026136,0.291649911938084,0.15000820255608,0.436097931533927,-0.359275888355244,0.102143151813527,-0.46106812665672,0.171026739140827,-0.319352480082971,-0.117671529356823,0.528208364682561,-0.579032285178421,-0.104225825361065,0.631924992987015,0.247321672806594,0.231000439038592,0.0463703121855891
moderate,-0.0119025373289824,0.497084057097439,0.0599795093497257,0.283134918333987,-0.0524428933081077,0.100562564889303,-0.18090602415532,-0.170325662474831,-0.074646304866231,0.169077040600796,0.148986189433063,0.0496720409202424,-0.0418041257746403,0.0199637244006091,-0.0412670895404907,-0.341957928221576,0.590786845553969,-0.43072934931573,0.485607377148476,0.0963103200664609,0.590878353060139,0.280911803642632,-0.0033235223746881,0.508244767947877,0.513060165124689,0.350256704480972,0.0256996156279456,0.243373961094832,-0.0305155387671262,0.402783108617077,0.12858703581714,0.440071894890212,-0.439746891386872,0.0879009504442516,-0.237575774370389,0.343493114836199,-0.200052878565943,-0.0287475652191439,0.493887758159487,-0.427249628513881,0.0041303356820444,0.439571912047114,0.432650600799868,0.245962122914243,-0.0076663992946071
moderate,0.0381398444689271,0.0781107463571118,0.152312485541179,0.21827554435161,0.0455409233751169,0.150566223434062,0.346135358017799,0.168249552892758,0.0525359336613964,-0.153595195912314,-0.0286225847153111,0.0097943677494033,0.0375898160245008,4.86493153907425e-05,0.187980660367209,-0.258825765083937,-0.115134871976241,0.0778044906004236,0.187780684765747,-0.0216897583414112,-0.0572379109481443,-0.0697881600799531,0.0027650888947768,0.103166637795334,0.142402422857667,0.0276196373090871,-0.0134299565113066,0.0633807716157377,0.105481671812036,0.118501943277535,-0.0542774364035199,0.046929754381686,0.0859332656795235,0.123637475423866,0.182911226621393,0.0655184814322848,-0.0111366092725872,0.0177847402561765,-0.141214850351518,-0.0101166351516778,0.135332363683593,0.0493859411152973,0.125444051026865,0.168373821182701,0.0680364830765056
moderate,0.0033158959444838,-0.10623315025566,0.0102855484981365,-0.236295449657257,0.0889044398090382,-0.142266390680389,-0.2452461764759,-0.0592992942542637,0.157491243411723,0.307848921715096,0.187001044759402,-0.0968631721194502,0.125046651461746,0.191461398586518,-0.0901520281185423,0.443169907723703,-0.441581503892571,0.335694143366636,0.319544434395033,0.0615918453166295,-0.318183754091765,-0.143924010288547,0.0542246513274409,-0.223496140301195,-0.605963740834213,-0.0487009570367377,-0.0257646845656057,-0.0866634538020757,0.0076886372819867,-0.0737093095583661,-0.0119159405290095,0.0455698666231633,0.449305462005756,-0.0993214716266621,0.188523282297022,-0.195674265379872,0.485951001231664,0.12352510607327,-0.149954625335129,0.055740234478991,-0.0316377061230424,0.0951827999925123,-0.0776171723131314,0.274144070595795,0.353480627453395
moderate,-0.221663600505009,-0.234844626207846,0.201612917408806,0.0409345345097161,-0.0759650167928571,-0.032955574429412,-0.186952689489005,0.328818461904039,0.0718672427161002,0.0585274109056386,0.0008776369020526,-0.15268309371883,0.298817985050405,0.0065408092495752,-0.179567482359662,0.110306862862322,-0.198021783433972,0.138844248251028,-0.0130830052676605,-0.279922183876984,-0.381230498987011,-0.104819018821787,-0.0501291843811563,-0.246859472415821,-0.329207097315303,-0.354103957181906,0.0524251603325868,0.130671169067994,-0.0005266233923599,0.0489033381161973,0.0842578368166246,-0.223006534348255,0.454124552378389,-0.386354535180342,0.113024673747089,0.0432010439708245,0.460088537701342,-0.0198360545510488,0.0079412692839724,0.187423721179412,0.128957810771835,-0.0495199516060392,-0.347789728178566,-0.466052459583799,-0.104054825199622
moderate,0.0207677492792111,0.0832762705008692,-0.422354399566909,-0.0123421810345834,-0.49753612731638,0.0776210767868614,0.239599371821659,-0.331408177462905,-0.293348766408392,-0.288927488078223,0.133121976670514,-0.0624071897838223,-0.0730438774856663,-0.0716129688513354,0.0498270227615614,-0.240723887658275,0.251606642394006,-0.266895094796799,-0.292838393214939,-0.182366479182659,0.152448287806904,0.1666407567166,-0.0418896948533927,0.0792215064407464,0.0925815369625636,-0.127818051679054,-0.153839807332761,0.166473570821644,-0.219693069619359,-0.188497876646318,0.0049156721818993,0.0117563481980567,-0.576991008408967,-0.0148908131481041,-0.497886281198815,-0.144419483379963,-0.37721327911005,-0.06461997498646,0.0305975245438187,-0.153702721993156,-0.0944737537148912,-0.0523218098620818,0.201747271340274,-0.0394204348188138,-0.114711383343192
moderate,0.0505714345101566,0.316599222589999,-0.228650348830593,-0.1381867429404,-0.0300557889020567,0.0966941488661507,-0.370876886368496,-0.457588046075496,-0.282469871438324,0.219006021691549,0.212654484639538,0.358683878707375,-0.311830037328106,0.109066322007203,-0.120006138705341,0.029773410299501,0.476575582721427,-0.42625741476958,0.427945065228637,0.0778013898183796,0.34339675024846,0.109016066765078,0.0110512514108535,0.303708148727036,0.467724475480902,0.371312944060864,-0.206870755340366,-0.187780368382304,0.0867085897307937,0.0486933545117925,0.179183696142647,0.323281110399328,-0.256739398612772,-0.156535967409933,-0.335410637358209,-0.050947942640486,-0.234473228747509,0.138443657889512,0.635682950087731,-0.294674156648576,-0.0613887114214781,0.464159274258283,0.333854917853411,0.0978222134533338,0.134498694966535
moderate,0.014132279036802,-0.0284913079254251,0.136065899831909,0.0134334495123229,0.0188278623615942,-0.0311863185344643,0.239262346366375,0.282800713486262,0.208283907258909,-0.142817226946281,-0.0645708116804559,-0.143239767585459,0.306510154763831,0.0173627096335042,0.0903093547516501,0.229897967400874,-0.407070760602451,0.350714153273211,-0.292562001092007,-0.22354099556392,-0.0810595611679067,-0.180220571074784,0.10238194727129,-0.370703214506554,-0.323973998585612,-0.0980710010457312,0.210627118933342,0.0215465594405996,0.0588724988007209,-0.0289691700153579,-0.146628836657779,-0.228247918107713,0.32130065613854,-0.266147723518203,0.344689772446487,-0.0747288878546469,0.12506038737045,-0.0033170119089441,-0.266360016424424,0.282176124272633,-0.0165688766185906,-0.230442630933848,-0.109582076045933,0.0041163477641971,-0.0301223910183486
moderate,-0.0261516902972488,-0.324306535878469,0.18896281280389,-0.11516643225504,0.053469292076887,-0.204622865410719,-0.0993614602580095,-0.0794908460332333,0.134964134195308,0.152681294612412,-0.457206369418985,-0.113911404766639,-0.0592596065387962,-0.0064030865919251,0.158637616047917,0.45428706055632,-0.113726441947885,0.0673739811340432,0.0894079892958038,-0.154431432534281,-0.188613182866465,-0.219754313778348,0.04644474755489,-0.267932489451477,-0.125239330148933,-0.143515254100949,-0.104211285445724,0.0024520907220836,0.0293265581564407,-0.133333333333333,0.109541039723712,-0.413188075417757,0.305389469248045,-0.509735321703643,0.36374548415735,-0.170557899671824,-0.17720771184384,0.217806065341206,-0.421199487144972,0.376955706135811,0.0277782904663178,-0.0696076446437198,-0.305774224977139,-0.0576570840678567,0.366139244907036
moderate,-0.0959522209325831,0.111038853363608,0.0384548161326999,0.248583775924418,-0.0626757172886141,0.41677104875011,0.195092702964916,0.038797520187375,0.250360622333475,-0.151675042634761,0.107017450989613,0.122487700441878,0.0370423056495219,-0.151206998833782,0.168601315147309,-0.112203969660495,0.106850813601948,-0.0171530661281564,-0.152357296300818,0.018212522243138,0.0395078994155712,0.176357716370097,0.135101062214799,0.215305093359334,0.346941708721413,0.161991827889651,0.294075783263266,0.179120141290361,-0.126198948583143,0.179835784454924,0.0892652921010274,0.125316621067509,-0.0215642731819873,-0.105096566942582,0.0614236638181989,0.222205889992024,-0.21005109932465,-0.0218616337746061,-0.0375162477439167,-0.0575560110109398,0.141710606961752,0.0776801787299899,0.357484746605793,0.173768905206954,0.0769151091319087
moderate,0.063232755702481,-0.333940512485818,-0.0481303803053116,-0.258456685117929,-0.141319248069586,-0.156240304753874,0.117525852442413,0.449333463965835,0.12747422324409,-0.0726229991856978,-0.0449249880791346,-0.0889001317564617,0.279668660175382,0.138797795590809,0.0326731645892195,0.321787490002141,-0.590641208836942,0.607373589280914,-0.414230121690242,-0.337332760754852,-0.326182936933187,-0.273535398865528,0.206801643679147,-0.493201743526106,-0.536241654157893,-0.292510817952657,-0.0469608308823872,-0.263426211546272,-0.0775812689046807,-0.240220636041735,-0.0542519321198377,-0.420416234088687,0.572586164727503,-0.404304419296356,0.412121131817954,-0.215982702841697,0.332562888542095,0.0333413838201492,-0.49872018698493,0.51954604280006,0.0279104423957348,-0.366993084955424,-0.465460539328631,-0.0534476864621884,0.167392925396033
moderate,-0.129700680562137,0.152204476441827,-0.337940515145468,0.0131198833073529,-0.0616995043721986,0.1914382910939,-0.252265357608049,-0.470842319212658,0.0745985019456536,0.150739101613384,0.34011007310084,0.403680124222908,-0.205009999310251,0.0048063519304945,0.166300926377497,-0.0091746697816934,0.474645382872324,-0.276456086735435,0.465145826634671,0.183275758453523,0.20421612276213,0.276130554385741,-0.465974516697289,0.286282224272207,0.537964420271694,0.415993217015039,0.164600714558995,-0.267345965592047,-0.0141430548242295,0.123047228540863,0.263863939994343,0.339054155797376,-0.21681035743722,0.025084897454893,-0.330693795632718,0.144932208176857,-0.383273471330481,-0.0365449779878602,0.530732635883679,-0.370415752954179,0.166238710740465,0.442212811643576,0.236337084654393,0.0598273071152239,0.0983652987907715
moderate,0.0400241336798599,-0.317221830473616,0.135128849615345,-0.283232013317122,-0.181571007456594,-0.445667093006452,-0.126007711238768,0.279928262845304,0.0239976696507714,0.0005133181815959,-0.163643419849891,-0.305294603471018,0.0570122971219676,0.226080114935406,-0.090605682709884,0.400211235488959,-0.613085415564974,0.40558272778718,-0.294459893404856,-0.0440189789857618,-0.489039987910007,-0.294318163299868,0.0574436107568219,-0.457541347709873,-0.556852731780543,-0.184583140766112,-0.0539387398028186,-0.193322479842729,-0.0450822684695797,-0.21953993912639,-0.220693636071963,-0.310147072996375,0.391372418360986,0.185844335355331,0.414680787144581,-0.297551426410291,0.280620755353336,-0.063187879478897,-0.365199292559493,0.420140552493954,0.0470896932973394,-0.294417683963019,-0.451514850267179,-0.10869015918601,0.0498416421857525
moderate,0.0141316636074867,-0.012404282319245,0.0801472270081413,-0.196424915875731,0.161031755105272,0.0361796059159204,-0.104041895879349,0.279094655879266,0.0709441799271365,0.103691580136321,0.0198014427360279,-0.209067066146253,0.35481916030966,0.0776594732964922,-0.0126763884324406,0.0757739222467712,-0.121242812189954,0.388372621028764,-0.145507099004292,-0.0292321814759261,-0.240977723410203,-0.0423199503419226,0.083443367821063,-0.179204675132221,-0.243205062705076,-0.0164600329783361,-0.0141687558028699,-0.215433515137873,-0.0221110869387479,0.157304202026539,0.158912832278146,-0.139506687548571,0.28389301407921,-0.157245573155986,0.444546944453845,-0.0547639779497319,0.207227224858655,0.0249707595176399,-0.0133968926146887,0.375714627109171,-0.067580865605131,-0.0646637546274712,0.0449338128726136,-0.0661960901459562,0.0402697657308289
moderate,-0.0209300688153542,-0.327501067684774,0.190054856621874,-0.469329245520008,-0.0415312494969137,-0.133970130041682,-0.648063974788004,0.471277273164614,0.294338286293158,0.264452902038556,-0.428811340030924,-0.199295961283861,0.0058639160655522,0.132192994092841,-0.0356900499474383,0.548654135410345,-0.717742101624158,0.390685586005982,0.0321171105829821,-0.229279866082836,-0.625717825267215,-0.239793722570534,-0.0123467426522371,-0.557568214836569,-0.625905047238419,-0.176311562697968,-0.043129896944315,-0.408688360475225,-0.0155146823437814,-0.219019577519724,-0.430707459541255,-0.285522740767477,0.716085778120341,-0.198566893103689,0.707730133229474,-0.35666606192624,0.527747593341462,-0.0351152583736433,-0.443101370968003,0.380162086465185,-0.0629449973234959,-0.069217287981778,-0.426813175148606,-0.241019234061968,0.506077114746828
moderate,-0.0549755899564447,-0.245723773665149,0.298756275381864,-0.252988131392197,-0.293762779376688,0.0,0.0414426948840097,0.275601733134574,0.286590120504608,-0.0665904504414814,-0.0268825946181837,0.114763808351401,0.437748585612059,0.170032410960012,-0.285290582919846,-0.0136430167757764,-0.699337004541532,0.291967521505869,-0.116210100981437,-0.15733440967447,-0.340974903934886,0.0,0.0,-0.490407277621273,-0.769027959367019,-0.656570268936372,0.145174634964959,-0.126485282645997,0.0,-0.412931695481997,0.0,-0.0132732810927282,0.522150270540358,-0.158691316355466,0.211820722579416,-0.317687760873101,-0.000568459032324,0.0,-0.639628431477791,0.2194522559548,0.0812910309155756,-0.515430381383044,-0.131126601468535,0.0,-0.0107888385581747
severe,-0.0867646836722935,-0.337688311551379,0.0707369533131309,-0.128798095878995,-0.0830266164094358,-0.157883756797721,-0.15735154621834,-0.0648282536847381,0.263125733533047,-0.0328106586657461,-0.152488841667199,-0.147305124194231,-0.0754379758013479,-0.013112134072453,-0.02478870938235,0.104184858274914,-0.326194955946554,0.170935680003993,-0.0424102938710743,-0.234727453259211,-0.327021009252614,-0.375706818923992,0.0704965563961313,-0.12039272109999,-0.418487616225837,-0.17658331882542,0.255869632941597,-0.0173424369935093,-0.0972693848333388,-0.0805607478437784,-0.0074452845941066,-0.222387305509064,0.284244371680646,-0.187233536940534,0.194085604969476,-0.276654182429645,0.173935901084776,-0.0703522561445706,-0.0578575411055016,0.0161247840574313,-0.0053383860448101,-0.144973526918272,-0.298895082028408,-0.30161149534567,-0.0391068647651077
severe,0.0773292127981144,0.173716349262229,0.13120694424673,0.141394453662617,0.0345726888418748,0.0269014588176122,0.343242344747234,0.220521925744933,0.0840951621684003,-0.467488702606535,0.128372217295626,0.108332285725795,-0.0910689783678974,0.0997897501013267,0.030786599018006,-0.0845932200348598,-0.33792668495122,0.108278389435386,-0.365755436919029,-0.526299975829546,0.207016530498086,0.212167362853219,0.0923221517946513,-0.0715251340740671,-0.218209294359865,-0.157055251674237,-0.195013547210194,0.110836308127879,0.0172503871199771,0.0826034711077165,-0.152532599256479,-0.152526766855971,-0.155113367060683,-0.375081029588476,0.182270979932461,-0.119439446557167,0.0774212991686999,0.0812916192931553,-0.0439930404670357,0.0991386341988431,0.18419685235323,-0.167037724070241,0.0123110551736962,0.0449878711211694,0.168143241695374
severe,-0.184092805248357,0.0042936751822758,-0.319363330221243,-0.2318510373039,-0.140314819239396,0.0444130334187807,0.0301857852765472,-0.0258437693185108,0.0970103823792357,-0.544955047530798,0.0393614030681672,-0.335158031820246,-0.160984104114669,-0.156048216660857,0.191252338836409,0.0646394708147174,-0.457125463852638,0.211144291031628,-0.647250678114313,-0.460993409774577,0.030776325016444,0.189235706029038,0.078026623254437,-0.449782644189642,-0.557055520148595,-0.243563442765725,0.0062441350835464,-0.0747725720174769,-0.192825027235486,-0.479395062165515,0.0328205701635464,-0.562551666391385,0.0348927219037216,-0.436424816684665,0.0692060705839325,-0.451039235997168,0.218571688559875,0.206856527837505,-0.416322891802955,0.304787741114033,0.0410502062444589,-0.280886789989542,0.0631528058059743,-0.0313974997703923,-0.052764305938054
severe,0.154492572063459,-0.156528148511945,0.281483372579382,0.210539839282565,0.387035662255091,-0.136607061007337,0.0787003820829424,0.158852933476479,0.182600102708863,0.153443663635035,-0.130843812134856,-0.0167508307665657,0.0297103530292235,-0.160406868233619,-0.0319683606701635,0.181924325077646,0.115829928653302,0.168651197185706,0.222227857535528,-0.119264097146564,-0.0211153858705476,0.0324548734270566,0.063572994328177,0.0925772038986806,-0.0072042136754042,0.0627973272680361,-0.100852515450756,0.349561359165695,0.0890781690688033,0.128891351991334,0.146651589525903,0.184974579391477,0.306654127805009,-0.17282896903422,0.113624006100984,0.114105051158813,0.131379477712586,0.0201313913334399,0.11548563703581,0.156979793946451,0.0120386968600255,0.220320911548575,0.0706419647783641,-0.154713277148279,0.259053809864275
severe,-0.431749478699581,0.0851704827273999,-0.385457461097878,-0.0234967622571693,-0.122294172062905,0.0629011878124192,0.573753422789559,0.192473790772493,0.098684073601931,-0.325408714380735,-0.0448445210154249,-0.25011870852372,-0.174098057354302,-0.458639217319353,0.107630688888298,0.330581317273133,-0.143072050571446,-0.112619583306639,-0.414695019259421,0.234234429960906,0.0354211504378759,-0.0801937966964055,0.0685355756397834,-0.33189390844744,-0.0345466373071254,-0.0269029909321025,0.196330707472175,0.202377028133722,0.476042490308983,-0.0516188714153561,-0.0918398822752831,-0.185914054388269,-0.216414728030896,0.102317275133053,-0.26374455893449,-0.205057045945113,-0.26314016213799,-0.340789573882899,-0.197549321587535,-0.100360646728639,-0.0800459437721022,-0.217877195358588,0.0162111150757819,0.0775725075006677,0.114258670189106
severe,0.0139289732484837,-0.228020489395875,0.240128481203481,-0.0685548562260891,0.269994677864056,0.0848226877871517,-0.469575254193137,0.439548852110304,0.397840652030069,0.318423944198926,-0.10235885956839,-0.0520044702892326,0.393928174750093,0.115733737878727,-0.0379502670435528,0.0750336441953799,-0.213482280184218,0.524700852981143,0.139178326800378,-0.0131610914363661,-0.287650801831136,-0.227508779205795,0.153158301154119,0.12270146859188,-0.364728657791283,-0.0307200701304124,0.0601119775025063,-0.0625256332746339,0.0011579928464361,0.33521535233864,-0.0624286218800903,-0.0090482405577138,0.520672185297794,-0.052565964136914,0.620038393602019,0.0414969764284833,0.374391587306247,0.294742572227223,0.135346266597591,0.433047111438156,-0.207616795664011,0.284925133639712,-0.0284469127862485,-0.131202708794669,0.376706596979729
severe,-0.0675112987262784,0.153058657426149,-0.177956658711856,0.174949645697202,0.010795511794515,0.116897658127212,-0.141446658999134,-0.584635546134479,-0.0656214314326173,0.155225222700124,0.19170599301456,0.360675911666319,-0.38622192031297,0.0378131777221889,0.0569607339251576,-0.335667100464883,0.749949128000256,-0.578604465264448,0.455802261790645,0.191975134321562,0.519003401193386,0.193455172195398,-0.0968549425163525,0.570439235002289,0.633317754448525,0.380580078828929,-0.0708183310763038,0.10064321803071,0.0036497312285433,0.0821911492795822,0.0694079420160034,0.467663659350924,-0.24280230501821,0.263816673250389,-0.384867364879283,0.113189850403164,-0.526149274470126,0.0147152899088861,0.513624572801409,-0.627723557812975,0.0278761701150911,0.547620234142953,0.41561335719753,0.017866955888698,-0.0120231215255747
severe,0.461682050076107,-0.0991455847246032,0.168106115338155,0.0936815813452284,-0.143015726179463,-0.32853991037927,0.298237319904294,0.385374957671213,-0.393350068043399,-0.148806342811956,-0.074271907367114,0.372775122478169,0.211354560452186,-0.0129424906244472,-0.535294802810407,0.388826895862362,-0.480182061166167,0.330359816212186,-0.355834151628501,-0.197306657905792,-0.211111159826089,0.0494563331789915,0.196392790734244,-0.332078979400106,-0.524326187220747,-0.0787776332099636,-0.482071412918115,0.230237624831272,0.225261567813552,-0.133024976873265,0.0045686089328539,-0.41382843930056,0.2878055335741,-0.424375379258517,0.466214220209129,-0.08159111933395,0.563797827122459,-0.007586334506916,-0.123492030925733,0.485453064238211,0.455789973492093,-0.440881747915358,-0.245122796313591,-0.0603290355559918,-0.0496092513733138
severe,-0.0613802341176089,-0.0107656254333427,0.309229193131528,-0.227397580766713,-0.264102491524122,-0.264490653940289,0.581090811350146,0.564169387567727,0.0891735299537066,-0.533239431040199,-0.532195299034462,-0.520283616973615,0.0573223869667935,0.10050227386544,-0.0415814623648187,0.0634521593148825,-0.678948814838229,0.341396461669509,-0.659155770603181,-0.346566889899246,-0.417237235933627,-0.28485516075617,0.189634823214031,-0.598768917738628,-0.631378631797648,-0.485017380727386,-0.0392970444894101,-0.0385261007978724,0.0803245517418689,-0.215464926566077,-0.252003564762806,-0.576219653450939,0.1343433827339,-0.188883602008002,0.453220034724304,-0.365042371451518,0.416070280964739,-0.0805309585573625,-0.497463385116393,0.575994690768114,-0.0803256314291051,-0.483618427491897,-0.118142795446444,-0.146062392961688,-0.0225954329411049
severe,0.0254476888143951,-0.132376071150014,0.366078032233494,-0.294604487340229,-0.030078183917262,-0.212253722400649,-0.0431305983383636,0.470680273300304,0.267911553732454,-0.163222966240131,-0.324475235181062,-0.340233280666809,0.15773176945611,0.0936733663963776,-0.189492075889397,0.406102243313662,-0.582860550150358,0.616945322006003,-0.363672116136111,-0.431619427115026,-0.297531677696634,-0.185684940155254,0.176826484988373,-0.527875624942955,-0.734119802046786,-0.384508704328426,-0.145228799946554,-0.148692360946746,0.0076933557126446,-0.192969777928499,-0.164086593129517,-0.266717641834567,0.645515148712356,-0.509357370663299,0.674379054175971,-0.356234400313934,0.572653546212445,0.0299021397061129,-0.405279328140341,0.475266091814763,0.0008083422951263,0.0414467377195184,-0.309821738338207,-0.166159651869842,0.400171782936558
severe,0.0,0.0504002504188141,0.0371920286510178,0.0760013929313327,-0.0075106837730114,0.0,-0.0829606096300535,0.171699612456927,0.129454512571188,0.175272323361506,-0.0203951250451476,0.0,0.347883929956416,-0.0700200007615398,-0.080969464480658,0.237749042607497,-0.0210631001717461,0.154932846519552,-0.0485839781537446,-0.142247834619816,-0.261976068977092,-0.104139823435452,0.0,-0.230810097272343,-0.285332317376339,0.324262964116899,0.0544292253619818,0.216408734517772,0.0,0.0473574882374495,0.113489760678518,-0.0927184567405667,0.536827125483137,-0.242512817056997,0.378296936063152,0.0101494353355833,0.242519416121219,0.0,0.0548024690106634,0.129186908657426,0.0,-0.11566393363522,-0.0631215401771219,0.0,0.266614084313602
