group,CD11b,CD137L,CD70,CD33,CD11c,CD90,CD10,CD45RA,CD14,CD16,CD279,CD294,TCR-G-D,CD32,CD103,CD69,CD152,CD223,HLA-DR,CD141,CD1d,CD39,CD206,CD137,CD357,CD2,CD303,CD38,IgG1Kiso,CD154,CD269,CD49f,CD324,CD66b,CD35,CD96,CD178,CD169,XCR1,CD106,CD122,CD267,CD41,CD309,CD124,TSLPR,CD45,CD204,CD36,CD49d,TCR-Va24-Jz18,CD133,CD209,CD158f,CD336,CD307d,CD319,CD138,CD99,Phospho-Tau,CD150,Mac-2,TCR,CD82,CD360,CD88,CD224,c-Met,DR3
critical,0.395437323528601,0.286875650173896,0.288103195575116,0.266679658872033,0.379611407058705,0.269699812364973,0.214359145132997,0.320537893063409,0.448380304137151,0.215395307144851,0.263009259173459,0.282372106051468,0.329140152821024,0.51919699709753,0.124107677793544,0.225381997228165,0.199598732890174,0.317348143162363,0.123179118745748,0.177645363557331,0.300956220268299,0.41920431931134,0.180829805263478,0.271807901096359,0.301204872922602,0.0311631221933,0.277765919238527,0.323777452864062,0.216445731607585,0.264894572630387,0.267660803280735,0.228097766221447,0.286565357174857,0.367225903608877,0.253231460374971,0.235459084073222,0.228305827478686,0.272965974203404,0.294889899892162,0.260623795984431,0.262395235891585,0.242732042405418,0.172196624498527,0.0983260122810184,0.247014521166555,0.234577261391277,0.183287269740025,0.239606198409743,0.274576222342156,0.142494653851769,0.277375506078068,0.202781590539108,0.190117150083928,0.308345019418608,0.317247947390313,0.345968541950746,0.254685399131567,0.376802425459215,0.112788058486494,0.326482004899916,0.215237899972488,0.333913082836405,0.378112471913093,0.413513552141287,0.266912474696799,0.488412440875244,0.395914755663807,0.262018930121507,0.3244886942771
critical,0.455479160547911,0.25766837580373,0.274596963358841,0.369494000864088,-0.204640895054722,0.313383103098411,0.246419319542124,-0.327563779856979,0.55685375627335,-0.417764879762145,0.254112061685602,0.215335020183839,0.227905221562823,0.156363445089927,0.218772645484492,0.0103123055464971,0.20623508927384,0.318501459452638,0.18349946306684,0.116578540668053,0.521616428695493,0.371037270914221,0.263341970157972,0.326653399986626,0.303819865171056,0.133537248592881,0.245196016044183,0.401397768211092,0.172122936237701,0.25309980179477,0.252622453548882,-0.120836891088149,0.249084007026712,0.231822825274119,0.189304701988027,0.293176747111358,0.288661222493886,0.25201604950682,0.255177628392914,0.272417113208443,0.215823345484195,0.230019839010655,-0.284322587167929,0.25878427821749,0.27602888436305,0.221875690839913,-0.385006451216326,0.272033443887078,0.310002373819634,-0.327441271672784,0.253376118994801,0.276145466705389,0.232726745750653,0.243077157690989,0.247709158802874,0.304766600699415,0.178705011742334,0.257049863756088,0.440210539047095,0.284030270844191,0.23336410811191,0.268906694499211,0.349348963644003,0.314971104350535,0.101693377541438,-0.036774953376024,0.388911357968862,0.254672316706355,0.275087171886234
critical,0.0231693777213373,0.135948686641243,0.252361937049034,0.0165353140292768,-0.0669029681300164,0.22848243024159,0.184660917417158,0.377513693278107,-0.230023494602098,0.221021282435062,0.259019170241254,0.292106992352119,0.286414268902708,0.0262105076122255,0.189222544135751,-0.0684389085383914,0.154668438862446,0.29679161882704,-0.0125260200199445,-0.0482365624118018,0.0832917143622094,0.0388933520221928,0.146788315614753,0.195026121163694,0.223881722865184,0.258708297160887,0.311389528689427,0.238550884668529,0.244540199783012,0.273792033493541,0.234611129241749,0.036115999670111,0.207622330326493,0.273915658953375,0.0453045459605374,0.245252385721393,0.281770020424007,0.186096622811202,0.22355508885916,0.222464864414066,0.265909164884159,0.173084932904419,-0.0603865884216039,0.225279542646056,0.240023550878249,0.234676732612552,0.149856844313335,0.222874180605949,-0.0695488713436625,0.170161821017881,0.245453504402797,0.344913098192721,0.0437243244143559,0.309568141501267,0.291601164337997,0.263647957276389,0.205562276256385,0.289544514553998,0.134154692427167,0.256705921918753,0.219214924022548,0.293297536560324,0.121205761090138,0.0554820226341225,0.196945468217207,-0.16079052703382,-0.0064015456572979,0.199422819362255,0.228675655058349
critical,0.412340371068224,0.234470490118226,0.14570258757515,0.193976107094499,0.503386265853076,0.13610270934227,0.148591593082905,0.192651335902831,0.545872096777617,0.232141688210375,0.17333126982767,0.222718154503856,0.187322141809678,0.794603423924656,0.0958711380804803,-0.0621252741598072,0.105317373081202,0.204472089113671,0.52866625420479,0.223447800912066,0.377561104544935,0.552768468654166,0.178588032117707,0.185234536294361,0.18506270230438,-0.105496724676646,0.127621401932098,0.144978348064651,0.157892853759897,0.140843388760852,0.217721980552108,-0.0817661398995094,0.25086015476924,0.17952811199252,-0.0291465219697896,0.169001397092247,0.23485324190602,0.186916333129151,0.220382342380409,0.127913154340764,0.127297066043747,0.175745907093989,-0.156576346964947,0.117708653209461,0.178579337619903,0.139737649616382,0.403063051339736,0.180445047313253,-0.108934361913653,0.252172417485828,0.197693802136101,0.150939656422945,0.0984581452227722,0.20212927608392,0.16512688183697,0.315270893484447,0.304409908856754,0.262776531901089,-0.0341819660767441,0.26091327062217,0.171232887800088,0.226995132230537,0.38556252577619,0.178856716116683,0.201632986106232,0.70869967600281,0.220446039193359,0.20274759449999,0.257374550796607
critical,0.151035411257019,0.0696278803498286,0.032396869749927,-0.0159373215399881,0.0546083320324127,0.0789478921619965,0.0562580041318276,0.054760419462664,0.164092643084514,-0.117543780577391,0.0945091998404224,0.0384053182654417,0.0723698232853063,0.134857773758806,0.131715930703284,-0.0040997213534372,0.109616891437862,0.0518417677971126,0.107677845703162,-0.0928283843757241,0.0944813291390766,-0.0437061374975147,0.0982593787954128,0.0091901151848128,0.0413185492357897,-0.0775833988192057,0.0728332793697808,0.0296543606326871,0.0305771737962644,0.0213385253859763,0.0313009058966887,-0.234690789343797,0.0107090230823499,0.0049633747445631,0.125238560377624,-0.0431113257648321,0.00568967140252,0.108386110613467,0.0522027734199047,-0.0081908460727955,-0.011533144712565,0.172691351980279,-0.246540869962553,-0.0447045385909414,0.112198239665398,0.120448018902695,0.08249810835406,-0.0012847843157866,0.0647707530497787,0.010826276989914,0.0634569348222686,0.104518292235822,0.0108596918215142,0.0695809811557088,0.0241298897629965,0.0328977400367975,0.0118647806086179,-0.0105825880215172,0.114613664700382,0.107893244647596,-0.0185268089976846,0.0163154787048313,-0.000574051054352,0.105852114449327,0.0809950768893758,0.0151668523123298,0.10624900609134,0.0066720759330194,0.059174100828756
critical,0.437026182487959,0.165910643632577,0.217696169380943,0.475184621015201,-0.140879733808477,0.104240543172717,0.103287761476899,-0.130589056720882,0.553726826579137,-0.245203153065951,0.0679812173301782,0.0443545595422573,0.167921700193803,0.0194170250082242,0.0352648748346043,0.556477149548015,0.250622883658658,0.195265741893987,-0.311519078261028,-0.0423474527599633,0.433671722626314,0.127301037412688,0.180275320022414,0.16812828304675,0.108365135515781,0.296623278611937,0.188642393882906,0.564694352330609,0.065526247704586,0.177501919379556,0.170530086621142,0.223170761677347,0.127752136736322,0.19362150318504,0.542838456866269,0.143977538916664,0.129329560838326,0.12289960584209,0.21705668675392,0.16614387205956,0.09879098464841,0.164798020503876,0.232092601680518,0.0794224599888415,0.144228437069447,0.218209300623787,-0.14896077449671,0.0855023443756058,0.525275537766516,-0.293984267399432,0.208549900768343,0.157310092305455,0.10420982942783,0.201267707613367,0.259403402665146,0.198925575304581,-0.0716978523639424,0.158566707917017,0.583386854744763,0.134154222005495,0.174855531902197,0.23382788177079,0.232189745670517,0.486514907871884,-0.0451672369874858,-0.101066833066763,0.301031758210191,0.0957490606698667,0.181558947500485
critical,0.110911482947866,0.125261401677754,0.216049373260371,0.187284920513636,0.33444094633805,0.058300655423225,0.158964367388747,0.286931575529532,0.45218366341156,0.512298605940094,0.0874715727287737,0.201864413697968,0.147381364093106,0.476757722941292,0.186306508142058,0.24714946772281,0.160318261498027,0.178980464678587,0.378644936667271,0.260464284179024,0.316440964403229,0.0983507874085326,0.172636967264651,0.228248942736275,0.134937717773754,0.119097195006414,0.144209166660832,0.324374161262007,0.132488860050545,0.147208565123079,0.211468251046119,0.352116651097433,0.0787863156872991,0.226256461178138,0.0518360550775229,0.16561344667095,0.100456151091402,0.167612873914674,0.181061522385751,0.126704823480604,0.0967897867399903,0.0224665305179706,0.433270727916712,0.14160332411508,0.102328304422418,0.172859829598544,0.325574824517034,0.182625130600463,0.345141815977901,0.488356843030416,0.213834831219534,0.117006504429919,0.213008171434032,0.154073276061602,0.276926708768285,0.130139852835211,0.203240353238329,0.110714869822811,0.320522399523578,0.0887932382370759,0.190486457618033,0.127553813091236,0.2431944674476,0.184869684213939,0.255579078926223,0.300107606119423,0.0912265833629423,0.122107859292013,0.0902878223860865
critical,0.294265993518835,0.113979095895738,0.0339915829233918,0.296746379872419,0.522152031061306,-0.0411340494509659,0.055624908354814,-0.059014448566256,0.348189776262619,0.158847286467276,0.0236373498327094,0.0854371041455852,0.0703498140449957,0.517768174626583,-0.0835021860629113,0.0002337327985053,0.021589019383299,0.0974262750075429,0.0870953974961339,0.192805534243261,0.356988128213536,0.383739738011665,0.183501137167204,0.0234989795549578,0.0671520573411826,-0.164006531996737,0.0232270476035768,0.174948684227538,0.120039433503386,0.0488685087946198,0.0924731711388914,0.0433672021177907,0.0537525807061104,0.204198126812923,0.283844379084415,0.0663332613573864,0.0736209610571135,0.141188697921169,0.0997755278714102,-0.0211690936099585,0.0208846877600187,0.0808194080219049,-0.0403309281535582,0.052210351841535,0.0147234097827439,0.0321979183269782,0.319636135345762,0.0203371766504189,0.0900916950415295,0.119766536144353,0.0715921981325728,0.0383964838772576,-0.0507541152892374,-0.0187556644747631,0.0320601197161666,0.167587386749512,0.157910149970544,0.126092304719307,-0.0586057483265064,0.0958621059202925,0.127757510223694,0.105601582009021,0.369354291124515,0.261647503407874,0.124055626442467,0.505015429898513,0.201917539667946,0.0746211482894579,0.0496464608514131
critical,0.0688358774231288,0.322655364867848,0.268080499938088,0.0876594904487302,0.241245922987014,0.219106710175446,0.298289782123581,-0.0841774497159649,0.344990637286406,0.0638733213325645,0.251105901938956,0.220803732220386,0.243500193411151,0.248997498402887,0.249086757259204,-0.0268347119056961,0.262581554755139,0.236547713826083,0.295453435835845,0.144785230664701,0.33979313408413,0.277435006494518,0.205547870972458,0.240952096218442,0.247752768334541,0.0127271065336406,0.21821195553256,0.105709036030753,0.297045781908667,0.227208297004241,0.280778540454482,0.114475498832121,0.225519059684061,0.188793045015534,-0.32183381609122,0.299758987186729,0.261942266535857,0.0949757187621149,0.210021541922002,0.28411333267001,0.217284328507323,0.200328806913381,0.0024254710093897,0.157930742252549,0.256107141079849,0.254527992816927,-0.124645506025876,0.292315588822127,0.19548213944019,0.0430345109037994,0.293819049060965,0.336529670401462,0.318321334102615,0.271077199644747,0.246793475055772,0.276316159946404,0.378255169360169,0.327044367408575,0.133493658482286,0.261336801168031,0.304645883969927,0.269861931404348,0.363694572599045,0.134737754134374,0.245391606433184,0.550718383517826,0.143661261683905,0.197132935780058,0.208229639172167
critical,-0.0852349245304058,-0.062028590282538,-0.0082981386082356,0.15279010737738,-0.0289072066331527,-0.135023624417756,-0.008923190481306,0.027937405671049,-0.0561276186834136,-0.122536180351955,-0.170863161269383,-0.136367175080092,-0.0943884471977173,-0.191568973889901,0.032865337064532,-0.0866342017254455,0.0276524652549469,-0.130978176172798,0.118070592821902,0.151307421316556,0.15355695223852,-0.0410165539721092,-0.0427970254844411,-0.086381463400552,-0.0611049599127165,0.185133969833437,-0.0627717223049892,0.126799293333227,-0.117775517753191,-0.0449789764414138,-0.0248642098805316,0.363505508027131,-0.138834659571801,-0.0775513519729486,-0.0411568301275813,-0.056214710599756,-0.0975993652588919,0.297751853989486,-0.0216655097403939,-0.0505132060941933,-0.198767453652906,-0.14093254485496,0.395760489636359,-0.199585356722376,-0.0245328709791454,-0.0518146297384936,0.0604556654510645,-0.0971652991976062,0.239629235687136,0.185832600717376,-0.0521960278048559,0.0724485314884665,-0.0894457356792083,-0.0678623565433677,-0.0392305957704734,-0.0983551764582137,-0.102194932272769,-0.140362884900097,0.276547128410061,-0.184046289173383,-0.0665139981093629,-0.105981232909193,-0.0418619539245744,-0.0078596223540503,-0.0630734948138846,-0.189726629894677,0.0072249000209651,-0.14802662108174,-0.0958864600126226
critical,0.0837713999603069,-0.126492559848003,-0.075267900657212,0.232525690730924,0.102265527051745,-0.0925110461662282,-0.0191779554767696,-0.0645433257698023,0.38097630914078,0.110719796372973,-0.0427243974624859,-0.126902697982895,-0.137182509558333,0.288258066938555,-0.138208725762615,0.0086956799934555,-0.0711847142523435,-0.0929216416502549,0.33477216324666,0.253135560405073,0.316868869351283,0.230110680382402,0.443424255175984,-0.0965191252681973,-0.0915647713846008,0.12072761579014,-0.0805070274872929,-0.0326063567962979,-0.167707619072448,-0.0810289050462211,-0.0499420845637082,0.163013731569118,-0.0449035253315749,-0.0169742738235619,-0.0482795214764313,-0.0520346119677354,-0.0615118844779657,-0.0267868016645631,-0.0780795383090826,-0.0553503895691572,-0.142524757568524,-0.102500596681858,0.276100658640858,-0.208053154495134,-0.0899542325541229,-0.0296044495807067,0.246327163049349,-0.0564017027521041,0.285520629736089,0.228844116887014,-0.0496091049202981,-0.0353967393995044,-0.0828752009673318,-0.0579309675358419,-0.10138611485521,-0.100624473121032,-0.180882718603604,-0.206300258867671,0.180671949898998,-0.17083206653079,-0.104717485252004,-0.128277205065542,-0.114748665305569,-0.121508257757689,-0.0227291136521407,0.110476458033515,0.0231174905119058,-0.0728870843044719,-0.10842282631718
critical,-0.119006552811515,-0.0646652365210027,-0.0926931647152924,-0.0869931678233816,-0.043348224317639,-0.206128302156967,-0.147061989782749,0.397516689438765,-0.152660033753565,0.394495270389468,-0.113080449026348,-0.0296721442898687,-0.0943668267027634,0.0430872261334344,-0.123881324943257,-0.0789679938087555,-0.241717362840083,-0.162444112805753,-0.0955987325877416,-0.192182011345555,-0.101916205439465,0.249632142728683,-0.255457333320372,-0.116857388607662,-0.0592402984984804,0.127783368389037,-0.0686081943200713,0.229923908117291,-0.154869235778829,-0.180820838698404,-0.155460638451973,-0.0080159152477162,-0.0540226200229173,-0.0244694159366936,0.0206487802669347,-0.145673964768028,-0.194605531336844,-0.168672360975097,-0.236118521416584,-0.219065329054537,-0.0672897124161709,-0.105775838500626,0.10330051575395,-0.203754890910564,-0.193876803539062,-0.041825791251379,0.268659972507442,-0.0698850453861328,-0.100950418429161,0.0930257844287183,-0.069820548966159,-0.125009337045268,-0.160198195583791,-0.129531064844957,-0.141519226995674,-0.186581450343181,-0.205807966861949,-0.159247064017254,-0.0414060081938955,-0.107938720725716,-0.06181476083798,-0.159319499854312,-0.278479724012153,0.0692443739023746,-0.183078852490492,-0.168626542019929,-0.0817320629962424,-0.138930615895027,-0.272545586984245
critical,0.209386513075488,0.227166860960237,0.266811510688732,0.106705651608692,0.0577484379452384,0.217226982132172,0.221553245081381,-0.103163327489397,0.154318965321593,0.021965119116878,0.19632542144833,0.273899921428184,0.23435051081689,-0.0385897027833621,0.102964632828259,0.0647374541943257,0.285106710424597,0.261915459160315,-0.155909116557691,0.211373070809462,0.266682054837236,0.119477771166579,0.113776601612158,0.219887253844793,0.235560622414443,0.0257227627236333,0.256797678723954,0.159992566144561,0.260248354896628,0.252816667351616,0.216988224235784,0.0694700603773755,0.22758404000125,0.188475909376715,0.0913918337653362,0.169928857052987,0.258062395279614,0.214849058268603,0.275416864601464,0.224520903343175,0.199405868683769,0.277165519903566,0.0169722984366979,0.206800759274697,0.212817353566981,0.258442625245405,-0.0730571511323102,0.270051362813295,0.013657395770064,0.0209206935347287,0.214034841340268,0.230274275907256,0.193405684095255,0.239847441528899,0.245557348776385,0.220910992085457,0.200520716579322,0.219306356855528,0.103300490656036,0.283317042933834,0.194759027392471,0.26989175919931,0.262782191267497,0.2066828912943,0.289747943636533,0.154610857687861,0.155893478343412,0.26289138860782,0.26018253366155
critical,0.376802258148904,0.223433613056622,0.177770793163967,0.419544084499368,0.0526947412119215,0.101745922087832,0.175632166673223,0.0952603134871695,-0.0761969213958858,0.0158259070160439,0.0472655051992403,0.15375949132828,0.192617613838472,-0.0844349437327765,0.147945795747335,0.359095633592985,0.0838930862754132,0.180612543474136,-0.287344035043121,-0.0476168792751993,0.0092890958871685,0.314388505841405,0.0818749827956934,0.115683030378033,0.126218002981552,-0.0362880218171655,0.0998105879035488,0.463639805397587,0.209465322278356,0.167257833371875,0.142298540027083,0.194774001203547,0.238544991163043,0.176080293918851,0.395141568698675,0.20504467729584,0.166072781736338,0.0769093953092964,0.195345382653639,0.163945066403514,0.0693673132014029,0.183095707663544,0.147495451602669,0.170087478924622,0.145131899594754,0.148529691629225,0.0983521428083039,0.0530564572491351,0.141480950480091,-0.075887626339862,0.161675608062666,0.153492367542239,0.0692487118888466,0.157985104557785,0.205619340383436,0.216721237792762,0.114191970242809,0.256411428470414,0.291661965926119,0.170927086571402,0.197671119647831,0.22568958896224,0.34661066885732,0.455982836079572,0.203128357517357,0.20060652933972,0.382312046291688,0.113652732688189,0.16787648138499
critical,0.180156838098178,0.166961665219494,0.142789551451329,0.0304878987315548,0.160032086123976,0.0816271768578411,0.0901029308023575,-0.0164618464932856,0.0303558739053699,0.109927789328276,0.108475079306275,0.0384457937187373,0.0635210017102196,-0.0316561403822918,0.0209050436070955,0.255977533505687,0.111585228791742,0.166365242161226,-0.230284029881461,-0.208595472514452,-0.0048735916648199,0.011401563580991,-0.0207541893087557,0.127936600931577,0.13130487002557,0.105586036705392,0.116434427431622,0.131350403690429,0.133228812834148,0.0830908504889027,0.121852346680703,0.17568685439723,0.151966064179914,-0.0359977836672167,0.0981810104270865,0.0663361382155731,0.137124571827111,0.0525723209515742,0.183822996249047,0.149320356423317,0.171384635830454,0.25434009510975,0.112984535870586,0.0371544669678578,0.125088508644886,0.133110681021226,0.0051726318930588,0.0394402979424029,-0.0364226227689682,-0.222325066200625,0.202748476214072,0.0104299368548198,0.147087906426519,0.0624141336188931,0.131098014584766,0.170378439276334,0.234609719641835,0.216729277541311,0.305557365731162,0.151804914012019,0.135530949646617,0.201828803229205,0.181240406212104,0.336409778731978,0.0262814086883636,0.20020128656672,0.203811862566684,0.0867600986026545,0.16615259041249
critical,0.205322729103573,0.217180820687009,0.210145647142624,0.0556488479072521,0.465128354340452,0.162553745556793,0.122129115247282,0.0005836285570733,0.0533768326911209,0.207723438094368,0.158574502687775,0.132680147885923,0.186951879350532,0.19480796014566,0.126168791391097,0.131546449579224,0.188750723808579,0.207986234192471,-0.10767158829316,-0.0654485592527731,0.095309858854007,0.128017719535732,0.0831912521376404,0.18665344774097,0.168965718401166,0.200774628302963,0.189443636494019,0.221358118787912,0.129479082596176,0.146632079371723,0.201089091091083,0.157755603410418,0.211484921077097,0.195313478410478,0.108413543208446,0.244001855212937,0.19102003689187,0.197648242945636,0.254981628939952,0.104378989320912,0.225715310474189,0.191046377799795,0.0437329846741462,0.102123169331096,0.179098859217088,0.180086098803757,0.262229434183937,0.155177492115363,-0.0063489928061638,0.110695399982037,0.194603097669044,0.122549612550945,0.198225148977596,0.17072645180113,0.163697984972486,0.226487722036062,0.325626419521286,0.260351986810157,0.122442340775518,0.204499491083589,0.205101746707218,0.234089635180472,0.262836529134386,0.142201579464511,0.20841823258062,0.340226365239341,0.24647888942185,0.169034058091544,0.199190036552181
critical,-0.0419513528503264,-0.0422535516347375,-0.0843207659251678,0.0473033309588946,-0.0948147836474982,-0.157879257738056,-0.122509343081474,0.0679338578247632,0.0259028706396809,-0.181422656383904,-0.205550593888956,-0.0257975544512206,-0.187869976800392,-0.0824737726189161,0.0786323157870141,-0.242853153156478,-0.0262622737340166,-0.184635725747943,0.337920754917297,0.0949292744671702,0.0331550736505877,-0.0421139118514634,-0.162686295085036,-0.0420195206539003,0.0622396592235228,0.0894374830070292,-0.057399721512835,0.0782354331456943,-0.0877349493208396,-0.0581269860815623,-0.13981809106925,-0.0477347929906059,-0.149208659733939,-0.112867870985969,-0.221886633233441,-0.0725463541385633,-0.0370594162847282,0.0162398539042961,-0.109080188772143,0.0560522711157788,-0.0411691299079875,-0.230734843051655,-0.0232439905650353,-0.0594043694478916,-0.133223034478993,-0.0497801422474405,-0.0503245413518503,0.0065238421111465,-0.0908478830232604,0.348692195173308,-0.0241518825503184,-0.153138756562839,-0.003969033172322,-0.0556827303423329,-0.208716679006041,-0.0981306591480261,0.0124530859185112,-0.0999505591191952,0.0839453033467356,-0.12597570787018,0.0477623208108112,-0.14466719422378,-0.0650611359856615,-0.0720892614750871,0.0772165720995822,-0.0684206557176143,0.0010069107160325,-0.0319109054681079,-0.145066419152349
critical,-0.186254123223756,-0.132845142198404,-0.0478932400985889,0.126310410292335,-0.323058526738179,-0.0407948535347274,0.0128705028022048,0.154770859566549,-0.153098658121676,-0.131233242872878,0.0299181731144389,-0.0976259424769889,-0.0124760234021607,-0.255077836619013,-0.0316161840066196,-0.0794784742282392,0.0768974263347844,-0.0784836114029475,0.284997106860059,0.175939322195601,-0.0234973135928671,-0.146754046376466,0.0004690850453033,-0.0074946269317799,-0.0294662693174451,0.162320565092383,0.0305955404242399,-0.0490789241986692,-0.0316347417367814,-0.0459722052752666,0.0029774001015277,-0.209154211542289,-0.0822396150914654,-0.328387358104227,-0.223744691748212,0.0192634713366677,-0.0605420311590238,0.0440742465439053,-0.154562689055914,0.0392488031304507,-0.0112617724197265,0.0255692122714037,-0.240272815102611,-0.0060800434979214,-0.0699947440971437,-0.0440588198582332,-0.0601755302463368,0.0135365162892937,-0.123276989444732,0.369335294074554,0.0821991964033387,-0.0141842968501861,0.0472637541197186,-0.0169004217704613,0.0015137578996098,-0.0888071918418856,-0.114543679769158,-0.0897546299940114,0.295560242982284,-0.0609964596607865,0.021981203442469,-0.0472006896631206,-0.163176471752213,-0.203486773005044,-0.0476677889036087,-0.430275843470683,-0.246229067786192,-0.0422122029624286,-0.0048240443031761
critical,-0.0755800378556345,-0.0234251676407288,0.0203083451482521,-0.083357923655234,-0.0202418079919301,0.0726507257834147,0.0399937884525938,0.0679931183722651,0.0111107193922018,0.100615933462107,0.176423991361588,-0.0397057832228699,-0.0346487740411148,0.0222449247193532,0.221655951572145,0.0312729487730625,0.0712242622211242,0.0871953777038264,0.0551047630256563,-0.125942012270707,-0.044163442225532,0.0243887147900357,-0.006085663339464,0.0569564693475634,0.137825920928805,0.206877016233805,-0.025036230198363,-0.0838163841960002,0.0770281780471972,0.0038941184467793,0.0059372169522084,0.0870730033384675,-0.0276325099826263,-0.0461279852506507,0.015714816792337,0.0638494843980879,-0.0460087048541321,0.0925443160366784,-0.0293076694228717,-0.0232474140416264,0.0386377948850772,-0.0973771509970619,0.0223169504732931,-0.0168471655783811,0.10602110879299,0.121384108525396,0.088221834807648,-0.032268935803836,-0.106642127280256,0.0463245746311273,0.0098873581267663,0.0732146712326787,0.090565070331911,0.0626983724848375,-0.0891198711263792,0.0153934167186539,-0.0084010563799931,-0.0312881675629453,0.0169199643542515,-0.0094096705044729,0.0677034974509881,0.0623533396571339,0.0067096463814979,0.0032877807140085,0.0551326539814755,-0.0215871226566084,-0.0572012390392359,-0.0166075871907764,0.0395584604035046
critical,0.0280904653910602,0.358320125972886,0.28747568738549,-0.0212894357787049,-0.258215802784241,0.246700667899717,0.312459303287763,-0.30719056278009,-0.0783477731776001,-0.292785185538066,0.252932078710553,0.300338279188209,0.276702894671564,-0.154555699015745,0.369314005393104,0.0609644826076241,0.398052819180474,0.296863639458603,-0.417122812940422,0.176344326956196,0.155195575377664,-0.0712512368469968,0.346550501319812,0.312597731864497,0.268273242273914,-0.158397699246866,0.276657318383779,0.0696893773978037,0.390173041474653,0.263681555344835,0.284757924670877,0.0622017234540008,0.306216780990859,0.346841758290043,0.326826050293449,0.312394921325534,0.307683350597124,0.310824958067663,0.343453925724185,0.338214989868083,0.254429547861488,0.409596784267062,-0.0813564640865355,0.37153417794844,0.275148029843273,0.330052569802238,-0.444133134158451,0.259470910906275,0.0997821583078835,-0.329389033744423,0.292121968072823,0.367322781798063,0.3813518378184,0.330721574181988,0.296906989834349,0.319355732116683,0.258675123731701,0.311881421787033,0.0548145585539517,0.296074375019028,0.288084580757256,0.272750431405852,0.345028697809157,0.159306074830947,0.269274306591128,0.200617057365252,0.134218853292272,0.346769792823866,0.291506763857089
critical,0.384907822183732,0.0198070687217421,-0.111282478559934,0.27868481307163,-0.0665470056773231,-0.205785750272215,-0.0838051544970544,-0.0870080477549709,0.0462741796440799,-0.367135449107117,-0.136076316246963,-0.103317714927132,-0.15213930144191,-0.0198927200339767,-0.154042271008277,0.146922711471585,-0.0917275882950778,-0.112942474542835,-0.423427368950709,-0.125946455624921,0.0467530819832638,0.117879335057163,-0.0614142148292573,-0.0196731750496779,-0.0794801099821224,-0.0960773315222134,-0.0455550322914481,0.0951068558229694,-0.0526238575189806,-0.169619665318358,-0.114535599245674,0.165942038628026,-0.0145282338871066,-0.157409378688329,0.703503231554906,-0.0299905811273119,-0.109623407544365,0.1248419542299,0.015827411391226,-0.0067350640106807,-0.237218846717409,-0.0194840738419312,0.245169180135484,0.0465689440906396,-0.0639272451412411,-0.0665643938459723,-0.300715855811855,-0.125345831483451,0.161208147631382,-0.322635117278167,0.046513695751903,0.0373139631167797,-0.022424606857374,-0.041315323853097,-0.0323695093662773,-0.0384451558149661,-0.112610967966727,-0.09269452888826,0.165877890665001,-0.0403148004579341,0.0580865532667094,-0.0371555583545541,0.0153568533294655,0.129392342558937,-0.0057543116661551,-0.215891325024216,0.202270680859606,-0.0339981804601135,-0.0440899092953742
critical,-0.118271084420335,-0.125693579892356,-0.0658066396377036,0.0945538395433294,0.301721342630631,-0.104146685709509,-0.0542237109252804,-0.0983539951073835,0.174112243088489,0.202056222397481,-0.136748637827288,-0.0648960729831791,-0.146739556748668,0.387293237964776,-0.0373369413448242,0.185126339234915,-0.0147873418457798,-0.0994158246239908,0.51721202902599,0.0917635026984668,0.0915475728750114,0.139472184022835,0.0018805925291018,-0.10164767356418,-0.132807613162589,-0.103363649240538,-0.144069829572691,-0.0787834236377989,-0.0730281977810432,-0.0644809707989415,-0.071816476510925,0.438198158337567,-0.0916659092928029,0.119012384736533,-0.115273271043512,-0.154112529712736,-0.126431049669178,-0.121551016283397,-0.0480311905649053,-0.0598869291362037,-0.213552468030955,-0.0071628319836004,0.535758265281983,-0.107899472654921,-0.131757851947371,-0.0221505232760565,0.297675649226929,-0.0782516718934376,0.280078508985244,0.375428921469563,-0.0940887934662204,-0.040364699518234,-0.0819007375112544,-0.112763696461595,-0.0578135086820947,-0.0850767287483488,-0.0063091009949845,-0.124169714195996,-0.0091331537408018,-0.0980428122510878,-0.103094135594448,-0.0935611753200184,0.0473143717451532,0.0361659768348139,-0.0180276395639283,0.480812155706712,0.174311298525204,-0.116659234473238,-0.106940750888756
healthy,0.323062301607946,0.156880811339269,0.0917663481006822,0.305088568123632,0.259591594705981,0.0810608140779399,0.169779442982135,-0.039101585888686,0.236365663229041,-0.0806319176721119,0.04735097809915,0.0725155315816024,0.0959584842497405,0.0369527989755961,0.087691880727552,0.447479136578244,0.129190542541145,0.11584272979725,0.0813441886894747,0.0946791924846581,0.26225748535819,0.244476251608922,0.094632791934101,0.192987930811591,0.123506881388229,0.068961148575711,0.136388498375356,0.225461267763587,0.0543862247385741,0.148083147866841,0.187329853861538,0.203997830295093,0.188892099679087,0.170609738335461,0.408219084984464,0.266544651233835,0.09361910811477,0.10107549038944,0.0924507460373041,0.0602505828775793,0.0082296151849743,0.0463784553997734,0.170104143325923,0.0806856852836772,0.143959571557687,0.0693283461853455,0.205016066324488,0.0988017096816368,0.215499044131862,0.128915992176293,0.156804567718766,0.123500587179226,0.0678370648632435,0.114334762946299,0.250014869182057,0.162352113546667,0.200531338590192,0.0824203412119377,0.227574180676476,0.0687243636113943,0.12983908359745,0.134338681758213,0.273824514459534,0.231296668705244,0.0449328232249209,0.142791914520104,0.181723794256642,0.241419082564326,0.0952148000902207
healthy,0.301676248037002,0.127862864446703,0.0547432459154419,0.363418977949772,-0.0085717031053051,-0.025997476724438,0.015031812779732,-0.17496912038,0.213317420440335,-0.326501942105893,-0.0640778844038269,-0.0181317424389319,0.0165487846043642,-0.0788994049428412,0.0093617693656681,0.481014813560227,-0.0408583634344024,-0.0226890542525553,-0.165459121724253,-0.0356280397997387,0.202152936782402,0.194278501056024,0.0641889939425611,0.0575871200264832,0.0061968880226255,0.0697558765718343,0.0097100165987423,0.370065409214152,0.0277671509442838,0.0327376765478134,0.0907625857493379,0.354348449421456,0.141417829550842,0.114418566139468,0.482718271171003,0.101354750422494,0.0180544719311569,-0.0239927866410223,0.0210710998053388,-0.0183562617338956,-0.0556526280780078,0.0425397797547706,0.323330860604259,-0.0354004570277618,-0.0108321532917809,0.0657044087299313,-0.0720904096620841,-0.014434775662565,0.31299522960444,-0.150360049809098,-0.0252221740633248,-0.027175940213772,0.0903448634130424,0.0235571997325191,0.0813913979992971,0.0044285033349771,0.0889816016858778,-0.0653197369234103,0.367630349403936,-0.0468776012303452,0.0979935234454055,0.0196646284096077,0.12570230293927,0.308154028804356,-0.0077192599636418,-0.17177808745991,0.348505490097133,0.0375113828072354,0.0103750984640693
healthy,0.505071477062896,0.310061634910638,0.235218712921209,0.5246549785866,-0.0420982370486183,0.0951722936572377,0.204402482985504,-0.464224642507946,0.436915957294005,-0.606584553248049,0.0760171781236015,0.171066990350031,0.209213791004042,0.0102583898623096,0.138809265351377,0.53107749258696,0.215885376379251,0.215585114605045,-0.228057969027087,-0.0705280476796094,0.435356517727005,0.198680216498618,0.162149789123561,0.286852293394533,0.215644729493162,-0.001690931453292,0.167827504145928,0.552257136616129,0.196350330413486,0.229304674913426,0.250781353086636,0.518153748652882,0.20672265307471,0.282786858504889,0.606667474919796,0.163716370903654,0.185649083932143,0.172026362751846,0.349597133739635,0.143729131619129,0.053328855919218,0.101566449941186,0.431972820841982,0.173922015555712,0.155454136668717,0.197890292302026,-0.301432568614286,0.121719681883832,0.547071975592628,-0.350075106619876,0.210057414600335,0.226488680965521,0.191311951591432,0.182292977596812,0.259245593127164,0.256860780177041,0.0939402195332007,0.254833868862999,0.506145122129813,0.21783467493515,0.197387959992905,0.225273803854402,0.443299203616535,0.5152940256343,-0.0138146519545353,-0.0480185268841944,0.526239321237225,0.173545189410378,0.215123495554332
healthy,0.303027552829354,0.420089834891107,0.374487858024903,0.218640904724122,-0.339436575561996,0.378425011747494,0.41809558825275,-0.494312714592318,0.0054353158499572,-0.506978902139133,0.381441209201188,0.348282782527404,0.382412788057642,-0.272021596944121,0.344214659400484,0.391652385150593,0.38540216706152,0.398018062362403,-0.5954435943104,0.162674304437267,0.41336145978574,0.0475124814345775,0.399789977734461,0.400620233524972,0.371127484753516,-0.128736524417304,0.378748859140144,0.316579313773241,0.418855300047066,0.387822240178332,0.421570656695044,0.379532010195393,0.361452103369736,0.514392099434135,0.591734075942127,0.357570299891046,0.379251682784219,0.332068474005067,0.462784854645912,0.365229807682413,0.300779555657919,0.433228551105677,0.229273276620193,0.416140594776425,0.397191585452894,0.342041999800139,-0.511378141390384,0.375648887885712,0.381255543680004,-0.443425966612881,0.387149447826634,0.447033813081368,0.370781809940368,0.388466603702233,0.372335414043693,0.450011449067756,0.323460524775648,0.443227602882886,0.184272183962538,0.421927260839875,0.374249248692077,0.429805830679752,0.494959410156587,0.376139925117014,0.318999060950767,-0.0966937899086022,0.361875252111509,0.399371964661384,0.38932764745858
healthy,-0.0410214868535981,-0.138951064965079,-0.0382908715077969,0.382956675700867,-0.192989467341237,-0.0240639111185396,-0.0152331843341186,-0.0653857863460248,0.239673642659062,-0.284387052528789,-0.0348206374854579,-0.0966288517647795,-0.0753483208083992,-0.31537170160237,0.05140036534019,0.0071232945002387,-0.0181125967401612,-0.082020189049325,0.215746483397278,0.0518993136727247,0.284296199805273,0.0546623995768932,0.207671756501104,-0.0011661153479518,-0.0941504007862155,0.388063369474335,-0.0045258498428396,0.204326454556415,-0.0885298914821008,0.0591502125165647,-0.0193870793360184,0.307040839427805,-0.0987518335639021,-0.19818894750457,0.0515786275123552,-0.0144291113618933,-0.0938926725761584,0.0066573844399743,-0.117956128813549,-0.0521931305165893,-0.0871372736380862,-0.0249118313753985,0.229569780539709,-0.106288608449091,0.0535433312792507,-0.0045723995344128,-0.105616872281261,0.0097705764753939,0.335526228820413,0.190823353199526,-0.0282900013586216,-0.0125445314098479,0.163753542724453,-0.0454624111467346,0.002336998758706,-0.151031405213511,-0.188126379422143,-0.203554114369678,0.55481776512258,-0.170543221315442,-0.055369499912814,-0.109918183522993,-0.194291490860043,-0.0482313863475153,-0.182914941412939,-0.499078348805511,0.111839019146118,-0.0895369364607571,-0.0646248296294019
moderate,0.375022313102671,0.0661272183664837,0.0821057102624336,0.431499631349185,-0.218370947565224,0.0333546392632372,0.0657177153317619,-0.257043265586737,0.1840394855442,-0.356503607984744,0.0264612225828087,0.14214710422112,0.0342822948490109,-0.145484832984596,0.0228524886581305,0.198287491143353,0.0229072563319581,0.0450191429304324,-0.0989533911044836,-0.0769217929958161,0.290626922707815,0.170131547195278,-0.0284600337035352,0.137837967987167,0.123065466395242,0.0265241295364698,0.103993874351077,0.372776131676007,0.019280861606385,0.0637762847922428,0.113446789739172,-0.168973816774398,0.0795824741833253,-0.0349761248273776,0.346627125522379,0.0227250416993207,0.0708191176749384,0.033877309771335,0.0734852918328052,0.0540719724484289,0.0455165074457243,0.0185209118928305,-0.225431274851878,0.0870496803227898,0.122250354742766,0.124487820507726,-0.218294479940593,0.0835588807861014,0.263567401518393,-0.149298960857247,0.0926796947701126,0.178655402118513,0.0430946686198661,0.0023987403367504,-0.0087181973799464,0.104690066984477,-0.177219818394281,0.0969606448505516,0.42146105120389,0.123666736470385,0.0490007574416978,0.0435477431705775,0.0575317032728538,0.343367893512326,-0.144747923041025,-0.146539017470354,0.199857681378107,0.0859627530429218,0.0683569664260099
moderate,0.46548614979392,-0.0609454028580832,-0.201594369352026,0.247212514282317,-0.293239855545464,-0.0854773926361965,-0.148388024548836,-0.369624691362544,0.12334696467208,-0.643871739100955,-0.19214046297505,-0.170076293414632,-0.0849196991060139,-0.0577675728812705,-0.173724250893617,0.126692654392999,-0.0916693538051622,-0.155854636203888,-0.550276204269584,-0.503771314291945,-0.105976285383618,0.123757440547448,-0.226417833852221,-0.217599221639411,-0.0813267595916413,-0.243382517088592,-0.145122783470249,0.195939071541527,-0.0349076724238676,-0.185939422147658,-0.0824514789855357,-0.228432450036567,-0.137531791822407,-0.0642055520085354,0.525881478008199,-0.0990705187445689,-0.141242434483018,0.0045923313527756,-0.138948160826104,-0.189640285881835,-0.279181791061379,-0.183683644198367,-0.202542714968239,0.0133133193704394,-0.125680255666106,-0.0696676281311801,-0.416022234802844,-0.215414006065026,0.0457136717597476,-0.51287067861768,-0.152499155407689,0.0058522396985724,-0.125041287090259,-0.131678712664666,-0.18573657515568,-0.144928594916776,-0.314933598431433,-0.127725978361717,-0.0004452011476951,-0.165308605121827,-0.144599208874743,-0.136447525638737,-0.0274494992287176,0.203846810649046,-0.168626081077323,-0.317601943750485,0.193684900041665,-0.106757339956395,-0.105172788443783
moderate,-0.0552524736857006,0.0804391093520798,0.0477482627258744,0.263108273531687,0.0596103648054341,0.027683788858883,0.0344785813659042,0.0833889119479283,2.02488601590732e-05,-0.0851878630518218,0.0052727254210996,0.0961610649384824,-0.0292604796228726,-0.207869859825932,0.140604149777889,-0.0287611094564928,-0.0477947568495238,0.0627790747533491,0.177937659132901,0.170748439442445,0.134022292091228,-0.0680158378183012,0.0067517417640467,0.11505088117587,0.0553106914707154,0.22305570291578,0.1060811532937,0.189626148301462,0.0473810027278939,0.122710828612514,0.113812594692088,0.229438708317166,0.010644564904037,-0.0918867387679494,0.049558433718044,0.081197026383415,-0.0198745189666647,0.293123624849123,0.0447662953259397,0.0098690724277209,0.0358455942934669,0.0795361304558294,0.223880992042657,0.0712977653667245,0.0673170036747823,0.058875557686638,0.0618937948540455,0.0412850838233191,0.319860313386128,0.266069037846741,0.0638940988601062,0.116228912045419,0.0303344316549391,0.0519831023099725,0.12480812166921,0.0429163665891934,-0.0525449623854914,-0.0546577910499022,0.277787824289621,-0.0316414715722357,-0.0159189393850058,0.0518680044598694,0.0408824053761219,0.0588563092716701,-0.07546364329884,-0.159678331883709,0.0475506997317791,0.0796187532286672,0.0215994563995864
moderate,0.455123724614298,0.063423319515549,-0.102573914762896,0.425266290284495,0.360618516119623,-0.252294214234457,0.0071521661022213,-0.56169927168628,0.48820144492647,-0.569062530022803,-0.210831633007451,-0.131289627751003,-0.0974545301295325,0.484581147043238,-0.0985870078612899,0.61756549631336,-0.0361998840007103,-0.158726649916579,-0.0626380690733592,0.0022606994581055,0.399863266126002,0.285642190757302,-0.0856371281744797,-0.230792222158384,-0.0761503953835026,-0.506675036902924,-0.139060904917219,0.156295861945514,0.0097645773473132,-0.0347604484047275,-0.059365926211436,0.248470638102919,-0.123484444014961,0.118679086045621,0.649641714302984,-0.244642340366732,-0.176186190985294,-0.172262668261013,0.0299980665681339,-0.201818513948885,-0.423650481269199,-0.0786202935464591,0.226300697453163,-0.0011452924220486,-0.0989211848025303,-0.0495186143677112,-0.209518151242251,-0.157912983313597,0.345523408410026,-0.311578169975078,-0.0948617715588291,0.0345373289653914,-0.135334948089693,-0.12491068969758,-0.0368133078518047,-0.0165546302638298,-0.206446346317849,-0.0983548017812894,-0.0294105928596529,-0.112965117242349,-0.0496646328686444,-0.0784965051615602,0.273167784088592,0.291976642892883,-0.191515118255303,0.370055272588939,0.453779720259365,-0.115883603793567,-0.12159287181438
severe,0.114157716579466,0.305306822179401,0.297027609687967,-0.0441199744548585,0.133560802964397,0.250727620691054,0.331107440367756,-0.108144357468366,0.504055338515258,-0.0509909876869543,0.244200567017745,0.229470956591981,0.255733223917995,0.188689191465564,0.173907436950716,0.0127472399950846,0.273734691895211,0.252044893575567,0.352187680048671,0.124828031882115,0.162632604886698,0.109673258876388,0.366002756425558,0.257906737010846,0.329581985319279,-0.0367402246042981,0.284181890969652,0.16295372201222,0.320844709321328,0.278958225243841,0.299878408516912,0.258257300144684,0.245781818269919,0.213692512017402,-0.217390234285248,0.273136727995689,0.33223366861951,0.197718411516575,0.267878156229142,0.264066989276119,0.200299784223344,0.255574470384827,0.151888162430955,0.168749385727148,0.197135167713861,0.267425432407137,-0.209171451356857,0.219135533475402,0.321468411743737,-0.154145333969187,0.244520808451347,0.304472696787064,0.266941017274922,0.300021752286676,0.271649968699479,0.248533305400187,0.363574230717675,0.289439987398517,0.200063831432096,0.166903392112133,0.266932949833238,0.262742115332651,0.341188621895544,0.212329533650803,0.290195447937745,0.410279705273848,0.124676698124369,0.2516838410232,0.199167206855928
severe,0.101586241250057,-0.0829045037631159,-0.137443637155548,0.0681849899335643,0.413978759976659,-0.138844248315861,-0.13364409302833,0.181006873850305,0.261524696753979,0.188376317771928,-0.119446734709795,-0.114031584803955,-0.103483206174315,0.46002607024958,-0.107615936051163,0.1618261691723,-0.117000140284071,-0.112003633869994,0.247695897793458,-0.0819205204000348,0.0301231734558155,0.104718955795413,-0.121329948345623,-0.0917507975174972,-0.121310916714284,0.0079713947253347,-0.128183812775477,0.0418790846795667,-0.107103560721054,-0.0942012802206451,-0.0967582058273374,0.218261965889265,-0.112904414402038,0.0371097020457517,0.0500344007171066,-0.143335021714726,-0.131129149220644,-0.105570174543953,-0.0826071695966063,-0.108470311134762,-0.190825957162264,-0.0991752504213814,0.279252562907864,-0.0977557666990311,-0.143480000770844,-0.130898347377708,0.271228502187916,-0.101376185066328,0.0509566146898431,0.195021060392358,-0.13104218447125,-0.0676522689323677,-0.144614576460899,-0.11507085048531,-0.10556727620021,-0.099764974902182,-0.0098875081726994,-0.125229417567607,-0.0102696330631768,-0.108164225423552,-0.0975940175977631,-0.111709570254074,0.0015123990386384,0.0260416410421056,-0.0280596669559694,0.448678708460334,0.126302041351632,-0.125338132142312,-0.135238366145447
severe,-0.0726628259172235,0.504569142199727,0.546602118604834,-0.0750117644156951,0.155032030927825,0.512967107302478,0.547303460775807,-0.273921791977208,-0.0034860313989702,-0.0150482704312023,0.541429519934496,0.504096367256031,0.511734717787737,0.255425415519085,0.524191458837829,0.108121068698954,0.552299900953317,0.529217109378535,0.154590390116991,0.34946541727021,0.501379202410524,-0.0366573163765077,0.525258691595904,0.527769218892731,0.515679740774553,-0.141454453458763,0.547549282156868,-0.0589319071626018,0.560995192516587,0.517199677706716,0.552697686622475,0.192449546880421,0.510717968395945,0.488839971274838,-0.0504666519442196,0.505260817506274,0.54634997628893,0.512901437385156,0.520687971892132,0.523333239137207,0.50371980355178,0.543225473777124,-0.0063635564989101,0.53982334647056,0.522102527046377,0.534018627408113,-0.292974017901122,0.519782789283454,0.0681951516218998,0.0543053793590889,0.518041808021535,0.549723033609582,0.506800302161317,0.533795010121359,0.531175973443792,0.537856099652784,0.555421971660809,0.508131782408154,-0.239855498008278,0.518292217669769,0.522986316751191,0.528400298750304,0.561154592353651,0.185724568810844,0.513280044173805,0.529944726079506,0.118177908193796,0.531791337189542,0.519774096037198
severe,0.0485974939873371,0.0115459115232668,0.0146068988980752,0.286280978550336,-0.345084070128652,0.0348637835411049,-0.054085777203302,-0.0121782126002039,0.234358199036476,-0.342199352472354,-0.0104207525725219,-0.0137887595077469,0.0346814216794246,-0.198523497192994,0.0095560025020473,0.189800157659918,0.083248443630601,-0.0184124807975337,-0.288533311016308,-0.117068884368645,0.165908537480239,-0.131433280292167,0.007653893232097,0.0958110329368165,0.0093993259813589,0.321304305337118,0.0981650870792564,0.198562847285672,-0.118419322879763,0.0246703052766209,0.043047049727373,0.047082333743289,-0.0354549142925661,0.0543383570232084,0.293120312766202,0.0487800342100103,-0.0284822136014056,-0.022061135826396,-0.0028740127704427,-0.0121484044190957,-0.0134884230041701,-0.0477912714131984,0.0904593602557933,-0.0527691271763128,0.0659164506836205,0.003325761457263,-0.185959851796686,-0.0158127074014772,0.246078606051117,-0.182858953588701,-0.0711596915796222,-0.0070388933944851,0.011414424157579,0.0458501459992143,-0.0321079810385976,0.0230605789077675,-0.0702071153624409,0.0192890409630146,0.440599841030207,0.0255187935981614,-0.0071554404405817,0.0134412949793959,-0.0344993709908118,0.0621530093264466,-0.0299826812151967,-0.320545838213146,0.165222963135126,-0.0563384656990215,-0.0093054174015825
severe,-0.165019318463056,0.267716405662537,0.365360838189294,0.0272464716535029,-0.203800829268289,0.344886187531677,0.344781126789214,-0.03455607728791,-0.224879617167198,0.0593633251043764,0.327697916464004,0.244874517194312,0.29696708084953,-0.175955889611498,0.203264276644941,0.35480831539071,0.303409395722757,0.310753668188781,-0.0789260788897778,0.414652004974802,0.0696759845698159,-0.115207205756108,0.349151063461881,0.292868531702643,0.27819185808607,0.0981108621651568,0.31533749711316,0.0448325425004177,0.356784738042894,0.345991758640195,0.340811098827821,0.342064286345723,0.273155175989309,0.152465840937448,0.123179952899226,0.342354182634672,0.27497520236293,0.431362049289914,0.28411547638598,0.28867624119946,0.333358424370066,0.26137331384617,0.308866673326568,0.409990282934465,0.333320118095691,0.307307167238888,-0.0846642658877008,0.365493032635747,0.129072499034728,0.368952963749349,0.342092373389843,0.301744171916049,0.323287782144022,0.343807905759265,0.352172489154934,0.291893331624287,0.1460849163139,0.245777543119316,0.216752478599351,0.297108715183254,0.320136980946424,0.328616929159503,0.243439232814871,0.0176290538676797,0.315360561335285,-0.0783645195327269,-0.0779246038383996,0.287274556060668,0.291932804269018
severe,0.309966809686955,0.0945916459491492,0.0421947465570518,0.299382686125981,0.0843138393007539,0.0532912425133933,-0.0103584817233886,-0.0859131881985313,0.480676992183263,-0.232257567738976,0.0659116749850498,-0.080831057772387,0.0768037720288953,0.318710988319606,-0.0031857401167694,-0.0042626832750466,0.0022776508810694,0.0728310924368781,0.375317450472159,-0.139105425308073,0.366026948594075,0.344383953666495,-0.0145498399811247,0.0726695192474164,0.0619196617692823,0.241375048058332,0.0261768953437464,0.191048972608498,0.0649340399780376,0.0307219646601042,0.0925904859768714,0.0186492457909449,0.0692287770003224,0.10956591833154,0.0125139638001956,0.0794241003948524,-0.0156141571561464,0.0548724692222758,0.0435023354956727,0.0166183157651124,0.0698973784241647,0.0308745057491589,0.0262162611750312,0.0483999610222017,0.0212300661817406,0.0399490633499903,-0.0468302074942141,-0.0044644334482984,0.241604895329199,-0.150722662802643,0.0191273582793964,0.0146149836776071,-0.0200547101867759,0.0173938880522141,0.053065376326936,0.0932723534495669,-0.0658186498538354,0.102100957796624,0.181905773381109,0.0862894532820216,0.0750249684515922,0.0692522888775415,0.0965117569204062,0.072412466248507,-0.08552089739065,-0.090548111119904,0.177463743217841,0.0449894897308707,0.0075510474749518
