group,CD86,CD11b,CD33,CD11c,CD123,CD14,CD16,CD45RO,CD31,CD32,CD69,CD62L,KLRG1,CD95,HLA-DR,CD64,CD1d,CD163,CD2,CD155,CD49f,CD107a,CD35,CD58,CD169,CD54,CD62P,CD41,CD29,CD49b,IgG-Fc,CD36,CD49d,CD305,CD99,CLEC12A,IgKappaLight,CD85j,IgLambdaLight,GARP,CD328,CD88,CD224
critical,0.0727599431632881,0.229633297862637,0.353241939739878,0.099242181146027,-0.0197136585035972,0.385630616896175,-0.123791754221152,0.0508199373324974,0.299040488891737,0.0888222270636854,0.254420926514538,0.123712322530973,-0.173556016713166,0.145197043081747,0.169658764214656,0.214552696960564,0.154428603204466,0.146775024126341,0.0773285957472489,0.137480449064286,0.335708874309406,-0.318074321000846,0.138485000699179,0.0523434990925877,-0.117184385309922,0.105905109746921,0.406925489183639,0.434970324163431,0.272212511143059,0.406879172129812,0.29154552265585,0.316037540279203,0.214486448732455,0.485239355383588,0.50533174564293,0.346580214782854,0.225616869310131,0.0295576716818503,0.0963549770068261,0.139335345989623,0.221918136123419,-0.0316319285422067,0.0864767328944613
critical,0.0516859208808793,-0.299272436582167,-0.0798392881963181,0.166254147134349,0.34449231466701,-0.29810066566168,0.0234415916403469,-0.251986091332387,0.376662771901771,-0.17991062704056,0.0635622992492372,-0.224973981488894,-0.28492707111627,-0.207451171428986,-0.0155664178712472,-0.0140211896647574,-0.0153905055840205,-0.0088469965329237,-0.219745585617767,0.0793621600072666,0.162582382367332,-0.0292945508658027,-0.0570935481064446,-0.124728567154305,0.0819279843891772,0.286313800251184,0.25785609617454,0.341338653842279,0.124454319575812,0.131903488316939,0.136714434551188,0.10833115549774,0.247808039007265,0.216687661224156,-0.143038576732353,0.319873023614453,0.179542128792469,0.143374226324496,0.0823810641986446,0.0852048311153135,-0.119164174643936,0.0224556871155675,-0.0971064040936737
critical,0.264881965459542,0.091928238831408,-0.0009674792520195,0.0548446025959666,0.0286524592193445,-0.114153814386295,0.17910504420438,-0.0128201661221569,-0.207693777523975,-0.0037286474871801,0.0412451148781798,-0.170526411184665,0.118526521619364,-0.0071887568354142,0.0223519881128624,-0.106145982546962,0.0881058949554943,-0.209759262262687,0.0044635191091651,-0.123481974735413,-0.144095205550318,0.266653439961018,-0.0235492082061212,0.120205778619151,0.0186053488397255,0.0046227922264791,-0.224950420535318,-0.184648635947897,-0.118816776358741,-0.0457413875026346,-0.0179393838502306,-0.0819909688762015,0.0989544286192391,-0.0764185381090279,-0.0537733746044977,-0.232170091371906,0.021473210529499,-0.0428134664665313,0.0289748068627039,0.0429625836070664,-0.143560184418985,0.150747457639316,0.042839138484665
critical,0.300448459262126,0.117327533780503,0.23190222228658,0.085550495372182,0.189429861911086,0.309959308052929,0.200707883828398,0.0783743924666818,0.453547067061714,0.209469839517789,0.139601028183486,0.184197127531541,0.0711721990628841,0.228759649618796,0.197832912232093,0.176973863963767,0.243518331002267,0.799018780408546,0.118184228666545,0.405633014967899,0.217973356209927,0.0400530057487886,0.108277316857857,0.293240463033044,0.187951507258028,0.4264631203213,0.300194844130392,0.267087018880382,0.261689801285481,0.280696251409877,0.205962710066811,0.30170073959492,0.398153902461404,0.430008548219771,0.446198217642163,0.222981189914002,0.268241012799034,0.189805812389346,0.268973964397342,0.132284511704037,0.196637534074188,0.192815646920918,0.142407838643954
critical,0.0566823810789159,0.348268682962735,0.338216089016839,0.112147487652687,-0.168895758179698,0.0645501560340612,0.0305371773938952,0.181034963138961,0.149242211554964,0.14355849652798,0.40651055022407,-0.0478578847350376,0.128143581912729,0.39534171468191,-0.274447834615645,0.257131436889014,0.203919459603938,0.0428108379824972,0.0245989050444152,0.235936085283645,-0.0121463055858733,-0.0193951821508614,0.494708694181977,0.183112080720794,0.0977005690383529,-0.0115563094775754,-0.006296849778887,-0.0566546717844283,0.0977220879224044,-0.0857440004004516,0.218560177276068,0.115896828288815,-0.159079950242685,-0.0024399489571239,0.241126728936793,0.224433282536585,0.153990342250196,0.110710585108748,0.119196203866673,0.028791781871361,0.0147406812367688,0.103846690522548,0.1656615781871
critical,0.258877880388021,-0.251895784539909,-0.118148747664165,0.368830173130866,0.590212732997862,0.0012073704047041,0.213695570277556,-0.0515168952129685,0.323179920511666,0.272411822153819,-0.373438932522034,-0.11415058496016,-0.106871281348808,-0.131386062313978,0.746768184520296,0.0619795329833249,-0.0219939023829048,0.12965013192381,-0.0762938241539285,0.0812227488135849,0.231582471989545,-0.17613106015785,-0.384156781453543,0.0345321069477074,-0.0085293008479342,0.519656775691534,0.289585623064405,0.303292464496952,0.319471255296226,0.277294945413333,0.0887756585405004,-0.0116876493983787,0.616202604880667,0.396072141546313,-0.178662233107193,0.236713749798642,0.168940038778592,0.382163344670328,0.152198309054924,0.125154064983678,0.102315745305483,0.2421998326697,-0.166631865699221
critical,0.156785358519926,0.259122750559131,0.337037576125643,0.454516858039343,0.117334176258257,0.47240674129865,0.210527048871254,0.141724036123602,0.143504905464979,0.36479744642359,0.142380150469807,-0.320599667648674,-0.0529634093549716,0.146732569784164,0.305988832730247,0.273455409042713,0.353423803874056,-0.0711966763987044,-0.0377527476157811,-0.0270209255090543,0.275084142862042,0.0081590986223002,0.100665742267765,0.292093887146224,0.0198756313943042,0.320717686636702,0.250786311782107,0.337715127826304,0.393182707701769,0.326848434360421,0.27528020774417,0.347513135180076,0.195527818534259,0.345964776183042,0.116551461646216,0.119679416408563,0.20943640975489,0.342223328895161,0.228681742904103,0.26199726297405,0.242314346455645,0.405113254493642,0.183223778110448
critical,0.0236134005713196,0.320243019533848,0.307429341070134,0.236781178457792,-0.284460441581055,0.0121714182061836,0.0635402634108742,0.157048973413077,0.132220106692046,0.0364938463074211,0.0380337402792489,-0.0489788990446901,-0.005828413695719,0.135070727050216,-0.251824572814296,0.0902982902597025,0.161710067752368,-0.170400819933603,-0.145434920114593,0.0434986388170945,0.117526288470975,0.0664753533901663,0.416421428415979,0.161684100945818,-0.0081008688127046,-0.0380950377502004,0.0638849418492361,0.0706806502657535,0.137120113418386,-0.0376625973173663,0.101453331454738,0.0769769858155467,-0.0927964440735595,0.0861246775534105,-0.0216077648662827,-0.0081470219753491,-0.0058471943818258,-0.0275459157039754,-0.0129613391034261,0.128077975031748,0.128552640757989,0.231630592501382,0.129843040248506
critical,0.0270541779852181,-0.124684111841114,-0.287451211212718,0.285607890267751,-0.183357077020127,-0.326095381375353,-0.168362975318991,0.22430757649908,-0.22464042220994,0.160629833296912,0.0005808628735052,-0.174501073041063,-0.132726362258177,-0.217127452206327,0.109598616553734,0.111656799611757,-0.153839565651048,-0.285090393774954,-0.230536390560268,-0.153643858079681,-0.110599439711011,0.539184120171867,0.206463913786803,-0.212727978337107,0.146148640691153,0.445264435196186,-0.0998131990085486,-0.138450687068946,-0.0254748193319803,-0.289648000257208,-0.257814289423459,-0.264445337655634,0.0868047736522355,-0.287476495507541,-0.632339089130261,0.0114576323340646,-0.139977528103874,0.306158040005004,-0.0249795896205898,-0.149455137338179,0.122227925236667,-0.093650022855994,0.0531407653479303
critical,0.174086083369756,0.350582978703485,0.0826043608309198,0.358922193628485,-0.353975392469587,0.248485182199642,0.0420512164492124,0.14981768965174,-0.234203760328674,0.419432480443402,0.169348954772039,-0.271930070208878,-0.102792116450147,-0.0830308177440872,-0.0512878653575906,-0.0924381487952299,-0.150702944599831,-0.422243222508438,-0.337367995265059,-0.256736065164003,-0.321968724687657,0.239329144343049,0.219053855921204,0.0297323774382325,-0.310783016286062,-0.0056757517227422,-0.375891303753491,-0.325700859816643,-0.0832794344921689,-0.318304544346698,-0.0250552138218591,-0.165510741345847,-0.185532171789236,-0.22488942985263,-0.353560860352928,-0.161737679235873,-0.0602016741668057,0.219062225364066,-0.0796859808707176,-0.0707696814655784,0.136212239323815,0.34797060349144,0.20206156222994
critical,0.0290189195508125,0.301653479465802,0.137312911898129,0.0891830008731569,-0.22787692813105,0.112661822095625,-0.25665922533939,0.10580297049374,-0.0041018316911736,0.219035682326301,-0.180376482444422,-0.283504903122704,-0.133054086130775,0.069868000426263,-0.204131165037556,-0.0672217178013535,0.249640251857887,-0.0339802506612438,-0.329636266787156,0.009192731569081,-0.218340431430551,-0.0869060494221711,0.173104606432136,0.0286778803439891,-0.185248571882742,-0.0893429530075784,-0.227103815294152,-0.182070326890341,-0.0594615645716746,-0.218359033271079,-0.033340415480267,-0.237254969798849,-0.324714748192876,-0.0901663616885702,-0.135296993550139,0.0991372071985879,-0.166325142204403,-0.064375420196028,-0.218620990153161,-0.0303284672973117,0.0220320520039593,0.161914387662929,-0.0174593475303947
critical,0.207928329443594,0.378674981232238,0.206682148384701,-0.0821710308542032,0.0172686775326345,0.331341219013623,-0.177459292691877,0.0284756324220727,0.298028080692829,0.0283169798282657,0.066087036681417,-0.147952536203278,-0.207642933910398,-0.134693385764596,-0.0640781517038178,0.0576483918969349,0.151127927946953,0.197746593090143,-0.0533776135135099,0.069370133027304,0.072113910710247,-0.0216378930928412,0.0271766483304994,0.126989560452738,0.015954172546155,-0.0573614478934855,0.159237202654527,0.21968582865051,-0.115804271232512,0.459967887015328,0.257877585015716,0.21964423081005,-0.149439718032132,0.421655698868291,0.270585722101845,0.150405117319827,0.273367376401364,0.0989771164374645,0.111408304896577,0.030777474606672,-0.358958604185945,0.167600179089543,-0.0077448903916037
critical,0.120480976767359,0.142823493261987,0.0867708914897643,0.158394068433137,0.150569651354914,0.427230109049309,0.152422898025632,0.131319385743623,0.352959471739107,0.421154322447153,0.398031297821845,0.140149455358123,0.12738474278216,0.194285949719443,0.319255870639492,0.134098601333226,0.418225932186258,0.785471703535314,0.0123302119249715,0.214413839906141,0.479858769018892,0.0958822752742398,-0.0721091913875705,0.256182859196593,0.104096894634727,0.437563022073359,0.402526805694046,0.464359027934628,0.299014572044927,0.545210349881398,0.224875477729217,0.283008977843383,0.199202573416819,0.485060895690428,0.352043919772973,0.0994587350361076,0.20545264070029,0.297353278469642,0.237725281715364,0.32978558918698,0.166101999094112,0.354520761748666,0.179620864161908
critical,-0.0012236166847596,0.0547972360296968,0.0885601294325349,0.0768846536032444,0.287810680729334,0.479243103156274,0.076925154905587,0.0366733038071505,0.0932158616139007,0.0302456387880807,0.0424832719131383,0.0191412484746159,0.0795747394282059,0.128390877710398,0.362158592237785,0.212287858960746,0.289606980163561,0.266489133231828,0.168972250007699,0.131553941665974,0.135595477281093,-0.0081130736618524,0.0298918317210736,0.161162170624488,0.108247325369152,0.26211796566,0.109364544691614,0.168387253105185,0.202432670053343,0.156956618360626,0.250908295194777,0.269432091364617,0.336389147768653,0.176662353640992,0.326097224386383,0.448718890801265,0.298984184557373,0.127817465420237,0.317028798007687,0.0571294257737077,0.28178503104592,0.0361494339107134,-0.0327032604570234
critical,0.317618966597714,0.182665380267286,0.182425839906679,0.34753826968568,0.108549563223591,0.575973814104951,-0.021629604924948,0.0542259607389103,0.0156998502009102,0.517030793556144,0.0191955808060576,0.0036363193701349,-0.206884369633158,0.121249053015714,0.348606189210115,0.212169419593669,0.252661114305548,0.234970904191409,-0.0867172258303677,-0.092601388600744,0.0679298861116451,-0.0294567909039985,0.138305990981664,0.199146743700836,-0.101070414213137,0.240974122759142,0.0887131183360325,0.211851633344782,0.212899134372719,0.216646745719319,0.0609390668756677,0.259260598593696,0.116458923171046,0.0849869518047228,0.0978761589074763,0.0778963845479708,0.184310022643793,0.203269649037422,0.219478077363591,0.0043745765573965,0.0650647806047925,0.454541149150191,-0.057574792428806
critical,0.169331706997272,0.261587103384989,0.307823856070589,0.142404240645238,0.0301487744663086,0.577642064318567,-0.0587943705158564,-0.120899102499258,0.273987157996826,0.398726744021418,0.0770778083283521,-0.0306103681587113,-0.174646195977516,0.0906474810516824,0.27660448748265,0.369714111022521,0.206367629275679,0.311119224493647,-0.125947596654759,0.077337706457368,0.118600571575162,-0.192092031307522,0.0630233873156866,0.204405161718786,-0.114749252275542,0.175481576060503,0.136867134472166,0.273527169528827,0.228743444340018,0.295983252598519,0.141185642152889,0.372657256399149,0.0041488144957272,0.332400240507501,0.296852511424165,0.252477314361826,0.181299245828669,0.102455033086583,0.0947135698346953,0.0758962889544203,0.0917778141654689,0.209278400584238,0.0645642921353543
critical,-0.29566683522965,-0.088862273569718,0.124748812491826,-0.0586133234872706,-0.0122519032337034,-0.208089611387103,-0.0496577137012582,0.145069651580043,0.209372157634431,-0.0177915347083551,-0.0347831680348247,0.0004622860161094,0.145039990126,0.165356128552095,0.0032660229603738,0.082326355713569,0.0494762723586995,-0.236502275944535,0.1286161976713,0.198347198854706,0.12445652043566,0.0134154406879482,0.0406223468167692,0.171372301467471,0.127668040939503,-0.138584949644565,0.133795797699499,0.0916054771243795,0.108876487299959,0.0300649914770044,0.0166228588471812,-0.0393591755324995,-0.158760089001126,0.207466386948099,0.108530591379502,-0.0381955050596931,0.0175360327144399,-0.115426096542038,-0.0026491717665601,0.170329124062617,0.0320751671753875,-0.0781258130831425,0.0912550520188809
critical,0.0853411774985288,0.275835464708248,0.172195124370366,0.616455744758262,-0.0887992913119465,0.361984468240833,0.0588298162604887,0.31972118910082,-0.102643885015797,0.478510051741338,0.0198596666828431,-0.0684006042460858,-0.0895573044877738,0.0542987841566511,0.0506269002419028,0.0222570107128024,0.175529792369508,-0.218456483231404,-0.16791104320471,-0.125643684453837,0.0138750224812799,0.19663763565063,0.355047933161959,0.166149152436773,-0.0703496636198932,0.0471928881841865,-0.0962434750342006,0.038061389215635,-0.0059733609769728,-0.136103324418466,-0.0807855155444097,0.16496591172154,-0.232856830039944,-0.103836852063668,-0.263405861826752,0.0949027412226982,-0.0990094621095488,0.0204410171915577,-0.00227956348654,0.0428767759413648,0.158771336714079,0.539072480812811,0.349392786591546
critical,0.098076156594429,0.555008356519407,0.576775121507411,0.437020880347932,0.292362498787474,0.582060314936423,-0.502636791124732,0.38405497096902,0.562107475110577,0.493345728223356,0.527731778696067,0.0243802763741745,-0.0379302548505792,0.518241661568122,0.132909132279545,0.603826410068566,0.558869795997247,0.4496687180548,-0.495334865752596,0.537532958891464,0.534048368275964,0.342520971885214,0.597276713225388,0.500586076677422,0.577921909846924,-0.25290339010216,0.656240159645683,0.686820741059614,0.551225476148052,0.643718415017666,0.528094133612745,0.622345914155106,0.194233113973865,0.546400844202441,0.501598442088621,0.608050045136446,0.522633707281405,0.517880090193281,0.520028393684387,0.623156805845477,0.527633694778908,0.492764101774862,0.519423262429504
critical,-0.109623998753701,-0.136155106771726,-0.12578266392073,0.0122845579040201,0.0321256479819005,-0.213056237211507,-0.0525256856526577,0.065883794727619,0.0600928242414209,0.0762316678994179,0.059386265235865,0.0481977917275984,-0.0730865728554996,-0.138574147096761,-0.150633028435571,0.0837860397763964,-0.197142401648485,-0.135169506943685,-0.0841765136718392,0.000982368931181,0.0956820659253959,0.700018623945381,0.181634576092978,-0.0821407178711859,0.13821441922321,0.328075286947329,0.213757617506577,0.172453381835923,0.113402822729245,0.0438014342639284,-0.153745605391375,-0.0335559574456142,-0.0617094093402319,-0.207168878629056,-0.402451560261615,-0.0532047207089608,-0.0344024444021292,0.0392611404021456,0.0392628758438298,-0.0071843974473098,0.0728522109266047,-0.243553163143195,-0.0939219358733502
critical,0.584610553402212,-0.10109194188783,0.121498086668554,0.505943616442172,0.197162180935627,0.270502844575256,0.255129415523088,0.186370107358162,-0.0244008487032922,0.361939252486208,-0.135995584331878,-0.212839280873119,-0.27130705091231,0.0659620629301678,0.747371818176732,0.0350903876552397,0.186609620932953,-0.0915682726697854,-0.179788062538747,-0.23154787983328,0.0309941303424939,0.120414520082155,-0.227945079900508,0.0792366658300529,-0.141432579507995,0.295029789553484,0.035263314235969,0.182455024281141,0.202557373181371,0.0701783656436134,-0.246457557006591,0.21972446473516,0.264052452150732,0.209930079455088,-0.498310164915999,-0.0291569252633061,-0.202684656729785,0.437241535685182,-0.0149095448386001,0.0350680051060688,0.111089050401354,0.464016042337396,0.0562176357646001
critical,0.147445868052734,0.464823832404069,0.469318518551177,0.0748071235549926,-0.284489724212806,0.591660314399176,-0.260087079314447,0.21884080279485,0.0755975769947177,0.454297450551065,0.141808251205217,-0.158400420421697,-0.238897580319694,0.283868514769496,0.162169169276475,0.324600309546799,0.336384314343479,0.0141288233778534,-0.135513138926992,0.0512797266370497,0.228170282531537,-0.0564991886451245,0.406035229909999,0.189859332452634,-0.204200855407206,-0.0757010316455682,0.142108589382272,0.311128409729143,0.181450181708841,0.300874779960721,-0.061878969671692,0.493760395806229,-0.275690624477088,-0.10857829103815,0.232723900987166,0.195819281991664,-0.0551582527828508,-0.010888044353606,-0.0214269024783765,0.164167640224296,0.303133419617072,0.357685033866101,0.391718569013994
healthy,0.387915476948257,-0.13203330948954,-0.256086178266854,0.380940639344208,0.404842942297651,-0.23049235895352,0.467053741391073,-0.0404018502282894,0.369061683045491,0.450119855759638,-0.274475557776074,-0.109609860228951,-0.128926898282276,-0.190536598539768,0.400753652673952,-0.282013081981185,-0.176843259848792,-0.13806172660041,-0.152889730285049,-0.109183884261854,0.0741406082777351,0.0032412940112083,-0.330528579999541,-0.123915240328665,0.0089855049350409,0.397089174312857,0.106531195655372,0.125784754969354,0.283547998547964,0.117302334553576,-0.079780956204787,-0.171667761572694,0.481971647906816,0.182896962153161,-0.442237559115247,-0.2568689591887,-0.102585837147807,0.406345618514509,-0.0780388105514145,0.0533840211723465,-0.11056876550033,0.514589294604907,-0.205033315136367
healthy,0.348767986081469,0.323317668846098,-0.170768275863192,0.475069227256421,0.0123962529156054,-0.0803025553087275,0.319187366779962,0.328392635764388,-0.0213729757737535,0.461260556189165,0.0958366938469269,-0.386166010454649,-0.0022601714562979,-0.134049700669761,-0.0937076211631274,-0.297938858533706,-0.16155660436296,-0.382547264829647,-0.358569653183025,-0.270643426804632,-0.337525473784824,0.0555036651695838,0.134907816506524,0.0013083611390873,0.0547354205941636,0.0034248484808372,-0.335037767520156,-0.375566879102433,-0.202203505443488,-0.295377122907309,-0.141863476093262,-0.228029976129433,-0.168638664770521,-0.0758935374373501,-0.542480225586662,-0.296521640886579,-0.218249419883941,0.19700938155707,-0.148021801069052,0.0134472787242344,-0.064017109192653,0.568004035642313,-0.0284407400900719
healthy,0.143257858627127,0.458957779007205,0.13369961857301,0.334522834033922,-0.12642247679218,0.402500493284796,-0.166410276635961,0.531026885348539,0.0071936969843578,0.586909777406561,0.166554130112463,-0.0644375316973914,0.0294043503678852,0.212715630686084,-0.0108146895797889,0.0459218293695841,0.290145652801256,0.0079862473984267,-0.170283655421635,0.134550644828147,0.0767969637836187,0.200332237075641,0.251927711613126,0.302783870731331,0.204721290460792,-0.189230883978995,0.0058169220850995,0.0408325341161229,-0.0048631107479707,0.049995295010316,-0.0527186514978746,0.140031953432573,-0.311444771677941,-0.0567150251522253,0.0310393255146643,-0.0322269904392188,-0.274585985086009,0.233443949372995,-0.11701481633314,0.310340482676046,0.282426018495241,0.554628212143458,0.326361994998385
healthy,0.0710532590997081,0.0639050673794552,-0.084020764597779,0.0263480381186482,0.153445190635636,-0.139469191283885,-0.144227467218125,0.093956333800738,0.141891787558936,0.148820843909751,0.162759518758015,-0.0742147715727305,-0.0443082554885543,-0.135834388614544,-0.15641310042423,0.0873818682872078,0.0816300310311367,0.0428934786569097,-0.268687705589229,0.067684745688564,0.18635789916961,0.152790629639017,0.257290065768401,0.0749614148693923,0.173334801105828,0.160389604293872,0.154816463105817,0.21275297976345,-0.0683893678637202,0.145565751756815,0.0996177741610096,0.0874107145199676,-0.16124422938676,0.0038251727282099,-0.252065976989784,-0.0083643267837692,0.0163207113076158,0.227213158882043,0.134214170345775,0.227753547130488,0.0305514929910761,0.219751505344827,0.051123921598297
healthy,0.183954989362131,-0.0887253598956929,-0.177976824338544,0.368557054146727,0.0950042302181038,-0.0660080387022934,0.387416863391136,0.105707344487055,0.187497972086308,0.370823362660536,-0.19472033823735,-0.41786935257481,-0.0233521060481783,-0.228294768913246,0.483924255149252,-0.216946834675717,0.0671101127448947,-0.0950692247767547,-0.0927042824638301,-0.1297884649757,-0.191748729888762,0.227292403875871,-0.231183731183252,0.107002928292097,0.139943352973135,0.240967750189014,-0.0585928587157449,-0.0368862788087249,0.121878813724342,-0.113123007137355,-0.240793557361403,-0.0739879944066714,0.338308339970532,0.124947568654164,-0.378193969870253,-0.145492013311215,-0.185133611222156,0.296313412409784,-0.0592639519596096,0.0252733072191373,-0.067286153127974,0.342529023534267,-0.120687594918496
moderate,0.164677729977702,-0.17301995423182,-0.100317893749273,0.216557103319944,0.161335262165549,0.121510699730066,0.426587966190352,-0.197644940181259,0.117137678886099,0.0385204519283204,-0.110945530383478,-0.154018354634848,-0.153318164511971,0.0412222895733482,0.139493960697882,-0.0602488398204181,-0.0994765219050885,0.178589254746884,-0.0303057712057368,0.0313355645205386,0.205576743731441,-0.298443840729962,-0.194599672198954,-0.0835834879819719,-0.0999831334865978,0.0220363610345429,0.208721865648556,0.28193530787654,0.269917656218616,0.270628977518265,0.11128403792549,0.0563552530040789,0.268691365007873,0.209364904492317,0.0124840322920914,0.0152449234564322,0.073130301184376,0.0955112642717361,0.0423954485655442,0.157790817370293,-0.0585945950684026,0.278841419245019,-0.0880774848196157
moderate,0.116671891921012,0.16952581118073,-0.0522351315479499,0.519858583530113,-0.115910872297333,0.306250931129867,0.0312927099182198,0.19067384514785,-0.0837337904506444,0.461603562556702,-0.119769123627257,-0.424852615894969,-0.369360370361198,-0.0405495507860016,0.349987779381604,-0.0774943634673343,0.087041053605972,-0.162095144456525,-0.230031317737654,-0.235231374284098,-0.069740687003764,0.0443805903952469,0.0117735516152122,-0.0461834369476187,-0.195759466010642,0.38671885379098,-0.0780137470120257,-0.0461400428821567,0.116161958491081,-0.0382953700322982,-0.0184605587316512,-0.0236937803602611,0.0919709594123519,0.113610944684375,-0.406370787018587,-0.0452741028544874,-0.105115713779789,0.384965496270917,-0.164396235085114,0.0347788081439492,0.357362772009271,0.294929017762439,0.135107276811004
moderate,0.28798799718401,0.38193992473402,0.0523281940872831,0.182927683854424,-0.168244751648536,0.157044185351178,-0.0585295513372789,0.262412160734544,-0.0166234760422629,0.331916071798689,0.105523222278318,-0.280751158545994,-0.0945841877447936,0.0598138977315841,0.206774553971514,0.0270962517502039,-0.0204026661168842,-0.117710158027948,-0.317534290927473,-0.0964199344177234,-0.274483301185502,0.0806945774989444,0.112676340558487,0.0067389569765695,-0.340051496605754,0.199597581684309,-0.230859284494177,-0.220797778210304,-0.0511258729355002,-0.210129087474179,0.177692377842118,0.0461852437816436,0.108242848151718,0.087043734190623,-0.0810083830383834,0.10393267751445,0.187110462531354,0.205472660332704,0.0777875807568001,-0.0814117626425576,0.236895792488746,0.228379181470484,0.091517507280575
moderate,0.45137733925344,0.422110458651643,0.216140863586245,0.607572471344034,-0.023348929231893,0.485742551522513,-0.320119481337747,0.379773383006835,0.303033166990462,0.696111402135258,0.396862343293163,-0.515303252011982,-0.526545499870558,-0.134102459761784,0.223170084885259,0.182402393579536,0.318476912850713,-0.0521235926859571,-0.565456430707042,0.130730244505623,0.178726232531352,0.123482024933927,0.406988369956863,0.286920001142342,-0.069472743318595,0.206187055990632,0.11464902883058,0.190868160359779,0.250374966592146,0.209067534194515,0.244155910156008,0.245284717652959,-0.0882256075383791,0.320810499976375,-0.354101774731888,0.177991943582213,0.233397415386434,0.378678685159782,0.214477089531843,0.192056712329928,0.347062194181248,0.598306870560162,0.313037298910525
severe,0.0720122769271912,0.123696341108227,0.175302735155873,-0.117310402320906,-0.0043278642112906,-9.65800399935471e-05,0.144182125874039,-0.0371862566330452,-0.122925984533497,0.0641477534242313,-0.0842861964107979,-0.0369127249572416,0.0517945150407414,0.0681057464801628,0.125601715870602,-0.0374104242993964,0.137845912564996,-0.0932613073944213,0.0266262376515648,0.0559117190163885,-0.120154085756284,-0.0935714532871505,-0.150176069754031,-0.0331276625915648,-0.002110200654475,-0.140553583406857,-0.112194017193945,-0.131160190090613,-0.130156562479747,0.160493186276464,0.163772680220083,-0.242113675155439,-0.0421940629008599,0.0826637139901361,0.304583181288399,0.0135773815422625,0.0976249948648792,-0.0560325593911506,-0.0016380538664625,-0.0587905954557813,-0.119506131828212,-0.108458190362981,-0.22781846091055
severe,0.441160814512799,-0.0759980947132803,-0.174427491670873,0.559655498021342,-0.0112148441561834,-0.0277278867554061,0.213617695001564,-0.0033871841725684,0.180519748517897,0.436228365460813,-0.149518159266821,-0.191842711293375,-0.278764296125335,-0.258265707778536,0.549235194748876,-0.276154581995507,-0.214638522031947,-0.193403049306436,-0.123220161191746,-0.302691871374276,-0.0152958575341445,-0.180932063620531,-0.306594708772666,-0.137099713007597,-0.1568493963979,0.201150837156756,-0.0454303436139701,0.0604033186104691,0.087356225158091,-0.0455780102535885,-0.143925804869736,-0.203835902994387,0.316026159263885,0.0225751578533746,-0.423964558176479,-0.115254640060289,-0.24501740132643,0.341721809009119,-0.232324458839071,-0.0967141248464079,-0.0510614372839861,0.539883537976176,-0.13130722430927
severe,0.218496914138722,-0.0115962703072667,0.116102244856864,0.416586992972623,0.0836759713253291,0.104753682699015,-0.0206227247115133,0.0670856193088244,0.150701533174246,0.249567590121911,-0.0524380316069278,-0.156576656298383,-0.319688477981333,-0.157772995219391,0.46424187015024,-0.0356437674064118,0.112398910147821,-0.118092013243853,-0.0961578627166389,-0.0958564057243332,-0.0617558605500146,-0.252606797312521,-0.088136912215644,-0.0916537498901825,-0.165784767400915,0.393126758374855,0.0465617882640491,0.173390163496006,0.205925892160538,0.0551664763383731,0.0511352658466038,0.0942601489328653,0.341749216601188,0.289740036183479,-0.0659808800684022,0.150734163924177,0.0695523578237569,0.111562905739567,0.0235771553705277,-0.0481348199871967,-0.0002222809786227,0.1183582151763,-0.113963055850092
severe,0.475929576009249,0.133434686518631,-0.0135441052360602,0.546760640788581,-0.0210996575415276,0.244954413645309,0.0474820659125891,0.127989576155589,0.163905675847105,0.496326446706275,-0.160116348691608,-0.27720271417935,-0.263835279415075,-0.19564618666385,0.648868176170628,-0.0158447300071523,0.17667056859629,0.205786196561707,-0.272701048315434,0.0067058565146678,0.176290442017019,0.126427627201303,-0.179678481745478,0.15799299834582,-0.0873659638881787,0.417279863035266,0.165658154962132,0.253287760797472,0.323789048957738,0.27646811925636,0.031191837182188,0.0929364571345877,0.377283745712694,0.272650399470836,-0.377033566115533,0.0864727134576833,0.0891328287666105,0.417308925915334,0.0591412384100795,0.158697192843212,0.12988972193427,0.526130545478159,-0.0261400469301424
severe,0.329809431676698,0.258291760670199,0.201405733946196,0.431726784787857,-0.270084299325744,0.45750098695728,0.0960308539732704,0.166906023908088,-0.0456589308424819,0.536140814987085,-0.0787610110924058,-0.0733474595775895,-0.204935577066079,0.223155647444962,0.473596728559054,0.247950530991128,0.0255411869024143,-0.275554781214195,0.0294642394944721,-0.309491246961099,-0.0435690623918308,0.0207509685760073,-0.0322477924615399,-0.0154341480158662,-0.383818910242613,-0.0408028335216178,-0.0094100663668326,0.133852686818301,0.059397732487818,0.0743119292489688,0.124918373786283,0.177876152678421,-0.0590692558491456,-0.0349516211542147,-0.12111581240669,0.190305255615181,0.0901177173825311,-0.230876382731589,0.022129010378772,-0.130929024575477,0.173365602540215,0.224430926844056,0.211186708908046
severe,0.0624616581745932,-0.0592047381404656,-0.0109303617431725,0.0239733257962503,0.247905137251487,0.164340689950895,0.227254737571549,0.0288208726895641,0.383149787946734,0.0638136919245914,0.196050140451979,0.143255488711522,0.159164225057647,0.255039660265033,0.0325268668633388,0.0258477793718235,0.10329437635917,0.362433915957519,-0.0604305823767918,0.216175513012443,0.384717159918534,0.0486696022760202,-0.0909496130461079,0.241103830425775,0.224779935863942,0.0803720924729786,0.359049113936605,0.381810512345799,0.342475510725776,0.5109136608657,0.34055490267848,0.142431030743402,0.159303432095675,0.291315671804972,0.307513598765864,0.19477482247719,0.278494818590975,0.197841902038508,0.265823836036416,0.34140359704617,-0.04726612224332,0.414271615065257,0.0197799768743689
