group,AHR,ARID3A,ATF1,ATF3,BACH2,BARX2,BATF,BCL11A,BCL6,BHLHE40,CEBPB,CLOCK,E2F1,E2F7,E2F8,ELK4,ESR1,ESR2,ETV1,ETV5,ETV6,FOSL1,FOXA2,FOXD2,FOXM1,FOXP1,FOXP2,FOXP3,GLIS1,GMEB2,GRHL2,GTF2I,HEY1,HNF1B,HNF4A,HOXA6,HOXB13,HSF1,HSF2,IRF2,JUN,KLF10,KLF4,KLF9,MAFK,MAX,MEF2C,MEIS1,MITF,MXI1,MYB,MYOD1,NANOG,NFIC,NRF1,POU2F2,PPARG,PRDM14,REST,RFX2,RXRG,SMAD3,SP4,SPI1,SPIB,SREBF1,STAT2,STAT3,STAT5A,STAT5B,TAL1,TBP,TCF12,TCF21,TCF3,TCF4,TFAP2C,TFDP1,TP63,USF1,XBP1,ZBTB33,ZBTB7B,ZEB1,ZFX,ZNF263
critical,-0.342297424260122,0.388514019719195,-0.184450263932988,-0.298048764285239,-0.269667420244011,0.121774670302547,-0.0592089587945687,0.334830501681034,-0.233537593866517,0.497144323585662,-0.336723143657125,0.306719448980804,-0.432265212262217,-0.374813132119412,-0.284850948195951,0.17859511655028,0.330701320129236,-0.37989301849496,0.409759955574938,0.346210216065955,0.32494758849213,0.422315923883901,-0.0204574178883727,0.302783156200055,-0.378947797232023,-0.425950741337704,-0.156259458565317,-0.432949964386493,-0.191284859639539,-0.47721875083733,0.183387959607838,-0.271206673842153,-0.125685142140343,-0.234913395171168,0.187217684506176,-0.364763512655874,-0.34420678808375,0.323863259535359,0.128243373907315,0.124731454500545,0.311848265591308,-0.285985653601519,-0.399680447692018,0.410744797071228,-0.207755427521636,0.32266440852005,0.100147687229146,0.330139134627989,-0.421796100396414,-0.348498668692664,0.444775112634452,0.321209939208338,-0.345326006949436,0.271546413576976,-0.055925571304137,-0.426755197786781,0.0571071581417183,-0.371162105018807,0.364298946588896,-0.398579848829535,0.303189994231211,0.422697001231014,-0.10259612726202,0.321230698402848,-0.472354772136466,-0.355422929657358,0.234327829212823,0.453495480801348,0.33157163956699,0.0081755372317407,0.0254190762824165,0.444989785001481,-0.452019408670386,0.413627583327693,-0.165814503024675,0.194567734929235,0.36336963367821,0.405645838750651,-0.147518843404646,0.270205321404511,-0.150668817668242,0.378386606002791,0.35012032635029,-0.457681335858042,-0.345697352482577,0.410776342610636
critical,-0.358517828166119,0.389271078146172,-0.0836451131607345,-0.431450710924104,-0.344016181446865,0.373300871584061,0.35232032684131,0.069314536533954,-0.357567031585944,0.279579835472622,-0.338650266222342,0.369728999124199,0.412651157168815,-0.436641058595106,-0.342695204955452,-0.446386390396642,0.412057603358836,-0.326967583668908,0.371349750827967,0.437994794370699,0.257036284204997,0.341559790375447,0.103319895045743,0.355772877772862,-0.45234535971325,-0.370713332327501,0.299231741382914,-0.246607782517774,-0.412907456924368,-0.152225786204839,0.130205828241994,0.189920672978488,-0.401017835638493,-0.355579653520409,0.399898689652157,-0.343333566803284,-0.410372610143548,-0.0869804524839735,0.365846635279359,0.341857455667804,0.411247449603794,0.301597405894416,-0.381382920136606,-0.176811573457949,-0.370823936554767,0.0821959867915449,-0.34852208217534,0.393586586356927,-0.454710913176331,-0.462970639202396,0.434095939835348,-0.516174215300686,-0.224339631334106,0.341859232442539,0.358984620203584,-0.319053940046734,0.0529848662332282,-0.156920469248929,0.361740730963146,0.111919373715705,0.386101089921727,0.285182117261138,-0.0498580758445336,0.446352964821936,-0.37851070825294,-0.458807322852553,0.333062864922233,0.442440451330809,0.0206666108567251,-0.475282022391039,-0.250481651158411,0.420176464462925,-0.395585124788768,0.462205848727312,-0.0521580552150436,-0.380524182697398,0.394619725341238,0.342375441027326,0.0783044614519769,0.378899599823107,0.391528581495668,-0.166308336183427,0.42193125161078,-0.271679351088331,-0.413433937488093,0.391995373533132
critical,0.118654357332272,0.0269789592675962,0.0024029789779306,-0.0599347291863606,-0.218910304607622,0.0140103051259937,-0.174778284215742,0.159043417122311,-0.0192542525607313,-0.0052506019710188,0.25976328064127,-0.0954155067223954,0.023728866463315,-0.124790358318895,0.0481326066126096,-0.124714047208034,-0.135641227894622,0.127620437534515,-0.039908377571904,-0.0485979056170037,0.0029417371490661,-0.0529816029979264,-0.0534216666179812,0.0817599661604874,0.0740289506075377,0.138447627331786,-0.0628570212618776,-0.177942732273858,0.0740421732575511,0.0925957982126689,-0.0306661773252626,0.115407289317209,-0.0955502394764538,-0.090095248176796,0.0038718166225597,0.194671717949672,-0.0570264375637991,-0.104702041736729,0.0087217636559167,-0.0595007151447434,-0.192190785832446,-0.1730299560473,0.0014187989886958,0.165885317490044,0.0837394746477919,0.0442327026615899,-0.0344823378261972,-0.0284043263700243,0.0173032635146322,-0.0968535779395421,0.0248336923311038,-0.0505029178669777,0.0304050083818601,0.0924234716497488,-0.199178394617974,-0.0342768250044198,-0.191672596227998,-0.0232820618844299,-0.0968396639091359,0.0854912597181985,0.185061876179128,-0.0697198358864946,0.0028457216970078,-0.166044767093147,0.187736481228903,0.14336653955933,-0.0024205227553994,0.123914811473889,-0.118643295245986,-0.0841689947168556,0.0007780622096137,-0.009221804525052,-0.0011821740492398,0.0009864269755116,-0.0310180035226787,0.15730079284211,-0.047126129605705,-0.108875473055673,-0.0337980440823649,0.0626692250626672,0.0103618043703275,0.0005181896044478,-0.109434799793496,0.12491670808569,0.146148654260195,-0.15659109086884
critical,0.127556388857655,0.0804573877780058,-0.0878324754934133,0.137939034356716,-0.0322733228233135,0.107382672353131,-0.0662066151167862,-0.0669054661845567,0.0159692975292639,0.117961080995433,-0.0162949838092682,-0.0487117491458788,-0.0556183079769277,0.0645211495165563,-0.125321128136631,0.0159126061341655,-0.128135622367287,0.0820764563134549,-0.156084137345704,0.0220452395783114,0.0957467527965181,-0.057539644918291,-0.02385381506374,-0.028961075572655,0.119829797352381,0.112004992183037,0.0259018827692783,-0.0456436219843176,0.0657913067257855,-0.111770856292774,-0.0726424811062187,-0.0156654007990764,-0.0479790674987959,0.0454986154227053,-0.0772940679224075,0.0238881598507176,0.0380728139763084,-0.0065868502151537,0.0707100672747322,0.008926387965635,-0.132819818519583,-0.0143306891025337,-0.0901723774743241,0.0195465545554222,0.0715598382922659,0.0508773133029363,0.0372740780695549,-0.0485859182451179,0.116719440886308,-0.155018784764497,0.115840938515476,-0.120964182312654,0.0656031709962468,0.0136124266953984,-0.109651892205384,0.0595266076129371,-0.010039754687589,0.0872706179178043,0.0512417151350731,-0.0358029513644742,0.0960914647601382,-0.085925300688165,0.0016505423296288,-0.0903193337400007,0.0165958167187833,-0.183727405798813,-0.0316996384714028,0.0031095851545753,-0.126300907992206,-0.0704555773310515,0.0657889927912917,-0.0347258577082427,0.0966785827873046,-0.141323484933709,-0.0917218351470844,0.0516744637360551,0.007522322510236,-0.0166783256237433,-0.0956229573010991,0.107170668817795,0.187641661673612,-0.146800889260357,-0.0121569190481509,0.0052023675016746,0.0537817081737407,-0.0762304293667512
critical,0.0799234175155764,0.0226397066655637,-0.161987768207699,0.148833869889465,-0.0125504951916649,0.109458669580894,-0.212746548724574,-0.0753145647886241,0.191368870643539,0.137992597383084,0.0637483084978875,-0.116330798881563,0.0328609483268079,0.087674375134325,-0.0496966659248548,0.0514276266825785,-0.046354113122981,-0.0017394271648844,0.0833405662291914,0.0312411186973121,0.117015586300389,0.0310647733517645,0.252511508858296,0.0714440437852449,-0.0716407542723415,-0.0226918780394194,-0.017062403742929,-0.288466662043595,0.0462201760871758,-0.0301581813201128,-0.0735648406420576,-0.109450126899794,-0.103383908032108,-0.0625785713788053,-0.0122084065780053,-0.0375453885267003,0.0123588187845018,0.0982644012876638,-0.0797650728194878,0.0154572949835416,0.0611775716785379,-0.0399050753585368,-0.0886589191310068,-0.023611894284227,-0.0762743197553306,-0.0933891999678689,-0.111642011067183,-0.0657116759458722,-0.0421151889971991,0.0165246724773102,0.0352771541469882,0.0524905802879208,-0.0396648124526221,0.121307291991534,-0.111250954585079,-0.0221013652084378,-0.0177088253707473,0.0488241683436615,0.0298313474941304,-0.149272750130936,0.097087418144435,-0.0174986906704948,-0.0190656624606894,-0.101710686645742,0.0618702915869563,0.0281488206872816,0.163083977250178,-0.0814731513956958,-0.162048634810531,0.0539050804752824,0.24847028678081,0.0841898765331154,-0.110320565084651,-0.0005467315903482,-0.0959089857963769,0.0367731911744841,0.0598243957376383,0.10728265039269,-0.0986348638064029,0.112366994851538,-0.0148840963365735,-0.0201760584557075,-0.100108094926321,-0.0037402451166165,-0.0488964760372511,0.108629266774888
critical,0.228168522185505,0.145243149418004,-0.119941688938455,-0.0376244527717612,0.0719722648564161,-0.0041868849572795,-0.082357812704679,0.0091268227224547,-0.0441580710057177,0.0164153691505164,0.162172829028973,-0.0325288011213218,-0.0504660745956967,0.0001182061610763,-0.0513520525049182,0.0789898463921642,0.132634700612768,0.178220508822679,-0.150722971091941,-0.0970824359426072,-0.0082453343741587,0.0647278752491027,-0.0634989289831043,-0.0355844303851463,-0.104898477364472,0.0824142447806159,-0.01415655170614,0.0404186077340893,-0.147531177423338,-0.0059850393527688,0.120370299932127,-0.0495711175646241,-0.0682155821295925,0.0474560797296339,0.114591780381931,0.125529032755064,-0.135776370322684,-0.0453780381498651,-0.0025917269114848,0.0442028529552024,-0.145856002899276,0.0065789684822925,-0.0451992513312371,-0.0062034366013344,-0.149358940188982,-0.239545637869566,0.140605035172769,0.038692343143293,0.0844989354569452,-0.180380271777269,0.123871191345968,0.0294185015079995,-0.0686681185049056,-0.107992466800761,-0.112009487231379,0.171225431921444,0.0180362143043912,-0.0391962537347663,-0.0257164323007886,-0.0486351293564857,-0.0549320511188637,0.0792843956868079,-0.0341424857096699,-0.0412829902869603,-0.0029018475946549,-0.122099519676951,0.0103820812252697,-0.0696717342763521,0.0566006333762501,-0.0322448221853129,-0.0403229630374107,-0.0354337175297739,0.0773826404107213,-0.040320973991431,0.041512071553931,0.0877831345187741,-0.0554518740781742,0.124260419229243,-0.114787218356903,-0.0574635383521077,-0.0417942887635008,-0.0634732987049094,0.101136111649135,-0.130870928297784,0.0661412344923574,-0.0577768983387304
critical,-0.0060364226856112,0.175503198636158,-0.212850585252477,-0.0055211948685175,0.0364923890190603,-0.205621573200854,0.0233290005223619,0.0959497303589975,0.0204118745327049,-0.0110131787604598,0.111919358440853,-0.0413380800542752,-0.0616974901356311,-0.213732615814899,0.0882825536587458,-0.2000515011939,-0.112139657889192,0.0289354581317164,0.0153420404996022,0.0494183742719256,-0.0405017877314904,-0.0718877649375698,0.0371598854574683,-0.119431832271743,-0.026066953043859,0.0468851548230919,-0.209182493740031,0.131972053268169,0.0957149535406899,-0.180465477341038,0.0270703757128824,0.0074322077044666,-0.0060771002516754,-0.0003054981300161,0.0347212813867084,0.115367022386643,0.0508837915967838,0.0362685022578092,0.0588245649657919,-0.0129970268603696,-0.0478698081584825,-0.0964217182436607,-0.0019951225119212,0.0999108284654239,0.054831693516424,-0.04033555421348,-0.0953327765971637,-0.0656792793504649,-0.0486449239842731,0.13873048673663,0.0966176752115197,0.0596784735573446,-0.0232655178956381,-0.0035791133403776,-0.0380413394874582,-0.0737134509735228,0.0442363726511403,-0.0166121414481931,0.0272926609951545,0.0522587573889134,0.0199004902651606,0.0104476645034285,-0.0682985943092046,-0.197205865225862,-0.10102257517258,-0.046178390120121,0.0756181860118746,-0.0392785140282428,-0.0664932150267042,-0.035048687749156,-0.0552283478299195,0.164195539921057,0.01248224745739,0.0199186830663609,0.12990390331481,0.0046187934934835,-0.15309030814889,-0.0926876457972841,0.186009349151897,-0.137132082597364,-0.0346390294263518,-0.0159402249278032,-0.0215934457233418,0.126279820444705,0.198728295202369,-0.123203891799499
critical,-0.111074622378693,0.162776070422277,-0.167833697885178,-0.0436836657958076,0.03720789709173,-0.0292486100979221,0.137063228070554,-0.0137227899583828,0.0664393027031907,0.119153849220974,-0.0149502071782159,0.14745473789325,-0.0653460804777566,0.164662173695204,-0.0115161916805169,-0.0330891430328666,0.0909153882567156,0.016455845521968,0.212829328662857,-0.0358344875153528,0.0221431571893566,0.163314325070141,-0.151138955779774,-0.0164494552841395,-0.150252187391877,-0.132531074779861,-0.111700865685888,-0.0992772602337206,-0.0131894508780788,-0.0204173014188984,0.082474375641988,0.0066399486605951,0.0737266316114912,-0.0030078357902118,-0.190141035031052,0.142138551576672,0.0550804091846067,0.0957306782388883,-0.0763068130239478,0.0040917184372811,-0.115430798350724,0.0893207781401202,-0.0823981843448017,0.0264590255073923,-0.0268227775068622,0.0882128092120048,0.0295563246272035,0.140014043277065,-0.171029799912953,-0.0075237677079559,0.0729194954180726,0.176954533493509,-0.0051180889438937,0.0477168889791199,0.03322776203807,-0.0873732302726877,0.038639801922076,0.145132132220959,0.0760153198676158,0.0172020286776375,-0.0486302014318432,-0.0554259735841032,-0.174998629161224,0.0309076141495588,0.0698202300712373,-0.0163944009274629,-0.0403007722007368,-0.0241836092836808,0.115920880436496,0.0211836384015656,0.121183487066666,0.0025860800935291,0.110673020509008,-0.0694908870446901,0.0414687110530891,0.229902569470412,0.0716212940253697,0.127192768409261,0.0747053211127678,-0.0914492188937755,-0.0498074798625602,-0.0019971950997925,-0.0191540005558743,0.138721740565435,-0.0916777927853344,-0.103143845676735
critical,-0.0720530151764385,0.0007665214380472,0.0837564565367914,0.172589834546403,-0.0531111612212043,-0.0846451578498449,-0.169515139914132,-0.0125736004701534,-0.228019102285002,0.0492533896122677,0.177680000450118,-0.0217741755021266,0.113899787921459,-0.0052639990592115,-0.0443254679870164,0.112509453788258,-0.201102445377125,-0.121121644977721,0.0969310230588047,-0.276252670718356,-0.0427348118365288,-0.164173992044957,-0.181775178482847,0.255084427929675,-0.157197488071024,0.0541409157232893,-0.0251753453559586,-0.0606128068801234,-0.0816363542612768,0.253409338532231,-0.358931030580295,-0.192342578783182,0.0527826993350087,0.204274817687246,0.129541460808435,-0.193283264487499,-0.0124967827709625,0.150755065772932,0.0612306595813744,-0.0418206149940025,-0.130032498083867,0.188383487277899,-0.149964042137729,-0.0272338610278115,0.160698653378113,-0.0875519793205216,0.0800046403750147,0.0598731054146386,0.0268971213723066,-0.0376890147763122,0.0260660333336463,-0.030341997848092,-0.0773345631065859,0.154469797528202,0.122100739531633,-0.17516488302316,0.0791791812194848,-0.0251270031831919,-0.0207056810396738,-0.308604510954761,-0.0673005822605458,0.0940629415484959,0.0484044215918992,0.167943025966897,-0.0026786861485105,-0.153216543254764,-0.0227006234432308,0.0873943705928713,-0.0095462546783323,0.0367350846411009,0.0614723704452079,0.0451946337644998,-0.14360307308964,-0.157303774628957,0.181319570060059,0.170928320690627,-0.0517423492882077,0.188190780808377,-0.0201785526900534,-0.1268942301833,0.121436862433022,0.0398008392825174,0.114568631681655,0.115401044163405,-0.0897581703968536,0.0545753330566448
critical,0.0943818823205644,-0.0657166521845074,-0.359927474297449,0.105809437305103,0.0935054924216256,0.0015639262593804,0.0598649294989013,0.100425742954033,-0.0445026520948929,-0.168318863744524,0.0274510934740669,0.250807899753818,0.0160667832128367,-0.0679057110263913,-0.277993503470868,-0.12567792435812,0.0958144322053381,0.0700504303418454,-0.222531872127534,0.0091273736257994,0.0037195936060517,0.0404108254274555,-0.07225262682119,0.122227652320012,-0.164294367469073,-0.105518219674724,-0.183821823349674,-0.102808581948462,-0.273391498548708,0.103185194222334,-0.0734612894675715,-0.149165283129991,0.129260120172396,0.0314153755778236,0.0234764107406538,-0.168307368311746,-0.0025820931625822,-0.0257716654853448,-0.159248419881054,-0.104034761444791,0.183588082883186,0.101626194577001,-0.0058342058356585,-0.0659378024150953,0.0842538586415107,-0.0745670406205111,0.0906934906034817,-0.09131533877662,-0.0310809132241374,0.0100273017918553,0.154007597337369,-0.0190397210898739,-0.143848919170907,0.0423957034871382,-0.241081121418876,0.0537592124890556,-0.165148313904016,-0.0142696638885295,0.10645591854848,-0.11322563365165,-0.0552317226877722,-0.0001839269244493,0.132772795988442,0.116726814034918,-0.0452805097128767,-0.0094804476325549,-0.0387281130293682,0.264940713252133,-0.121365494861656,-0.0949884032499986,-0.0629013659569983,-0.0159414282553995,-0.145410655824044,-0.010848404133147,-0.0823948829408261,0.0484680290017713,0.107585755370097,0.104133841127306,0.25672695283141,0.0796797711989546,0.178674059071335,-0.0044591331147752,-0.19612522083159,0.0021386978982846,-0.0022651476588436,0.0672690830111097
critical,-0.147937210865684,0.0052951918065249,-0.0721728195758837,-0.226472361277475,-0.0081481975074648,-0.182963921013294,0.0873545461313849,0.219567781639651,-0.205723491915707,-0.0127428468450497,-0.0298352564884032,0.112240129104729,0.0455567520494711,0.220199716409568,0.06224082189382,0.0144361344528652,0.239322252664977,0.0387984803963103,0.179633141215543,0.17151924755759,0.0618738120339859,0.161808365050089,0.134311143220561,-0.0470768672121622,-0.0992707941930245,-0.161376467185757,-0.251073594269326,-0.0941996106568037,-0.221762401409605,-0.177700966559322,-0.220591524232904,-0.0060312780231516,-0.06647796725758,-0.116051576095032,0.214974372200241,0.0473533645052129,-0.0827884144518276,0.186156658814216,-0.0533462056849359,-0.0498443199390191,0.147171780392247,-0.100818187115568,0.045171557016402,-0.121286426190368,-0.0006075501058064,0.0962776799982966,0.164845288980337,-0.0163683091090863,-0.0943822889879373,-0.0699620811296535,0.0838501805891178,-0.0134797596604598,-0.0733503095428514,0.0924583803195504,0.0039804864415112,-0.120193249299309,-0.0393911517240153,0.121616239104949,0.0025087273076495,-0.0438742102258399,0.0807359696726204,0.104644099584582,0.230051947309033,-0.0506258690887334,0.0390596856118679,-0.0819506565848415,-0.155365854132191,-0.0284697152982097,0.115522139574258,0.005751887634359,0.045893177754319,-0.061422489098244,-0.151120442780596,-0.135082773184874,-0.0712548816269069,-0.0312561797970851,0.0264883580143758,0.0377796973957574,-0.180047680505424,-0.0387017683386513,-0.204983686004555,-0.0465280056199779,-0.0982185339417434,-0.112748900655917,0.0717260429334506,0.160473408014881
critical,-0.0176098309433332,-0.204297636706074,0.0833001048307756,0.123947252301317,-0.0948630089007699,0.0667816704450694,0.042298990909112,-0.0252496068467223,-0.143887362381205,-0.135421664758531,-0.129463229497972,-0.0099995522442042,0.170110376968514,0.192941213065901,0.169992388151473,0.014158658044891,-0.180345906846799,-0.0148665909471356,-0.009645585793082,-0.108313734043416,0.0536259173450248,0.09176580245345,0.0791999934386092,-0.0889340708444718,0.0315915057626631,0.0831526188094746,0.111440437694996,-0.0373139633891399,-0.127044458748637,0.158871942145381,-0.0860728420312334,-0.0888750764359514,0.172175181266727,0.0007964245150251,-0.255740760935844,0.124832168429123,-0.0423579853176323,0.114655632959357,0.080409378813277,-0.219429702491551,0.0640974248573921,0.103535186953266,0.17423998556494,0.0208840206162143,0.108520214473238,0.100821444161328,0.0352491590909266,0.109316638988263,0.122708369722389,0.156158199353444,-0.13530367594149,-0.0313555281285816,-0.0111204460060915,-0.127221441974198,-0.0731530665652703,-0.18659931414996,0.121145017896599,0.0690234579688438,-0.0005604468809436,-0.0184947470711389,-0.118372280696141,-0.0446882644541873,0.0176688253518536,-0.0589649113161191,-0.118844235964304,-0.0731235693610101,-0.0720911672119035,0.0872232329973808,0.0982551873906917,-0.060498765937649,-0.143002446253399,-0.128460324553126,-0.048522901008012,0.0298511707113119,-0.0791409990300888,0.131557531000446,-0.0412370915557451,-0.158724456124081,-0.0866037917079168,0.0744804407569789,0.0674011117345334,0.207512831970434,-0.012595306219101,-0.0864563056866159,0.114773621776398,-0.0985206622290334
critical,0.165763884406392,0.245361840501252,0.135368677994248,0.0703245660420394,-0.126616814271287,-0.252288362069704,0.213222780423639,-0.0755235316428298,-0.0028683948142291,-0.0623223964182523,-0.218128387463883,-0.0945429449849063,-0.283123606322667,-0.155284464715771,-0.0433518761696002,0.0322531439622702,0.0381855059644261,0.11506174652533,-0.150965574796619,-0.373119493619108,0.0253429200916272,-0.230677614776136,-0.1715984602217,-0.116984874866688,0.261366179748827,-0.0324650140337758,0.239820623246491,0.217769838112105,-0.046024698610132,-0.264462742332369,0.150150689906213,-0.0406627560312604,0.0942495864243602,0.208366066476819,-0.207681563168878,-0.0201113590952205,-0.0964660733262645,0.0857421881685213,0.141105467622706,0.0619801447642818,-0.177302654454542,0.144234625601865,-0.0807387949414284,-0.311025264970169,0.0421132511361831,0.020583992331656,0.0028357994186129,-0.119641399609412,0.113317892859861,-0.0983566062720065,0.0976721029640655,-0.0757679971099517,0.0597962532579937,-0.137503676407112,0.0390166885526402,0.16327033664175,0.0554121725476093,-0.046024698610132,-0.225168992916991,0.230579828589287,-0.0721173128009327,-0.0088659476076174,0.0149775842856626,-0.255808664796258,-0.21087591193927,-0.118076820619832,0.0690859410086223,0.14436500718433,0.0340784861167797,-0.0670487287826072,-0.135401273389864,0.0015971743851958,0.321504684660791,0.0790438343693839,-0.0495775967323022,-0.101485764251166,-0.180138453873155,-0.0669509425957585,-0.215716328188281,-0.107222553879624,0.122803152984187,0.116593730119293,-0.132630664762484,-0.158658088162052,0.231688072040239,-0.0493983220564129
critical,0.0318602711404948,-0.180541536462804,0.0370141385308689,-0.0955808134214843,-0.0435736061186178,0.153366599313558,0.0512263183043249,-0.162737267296057,-0.239576744752544,0.042636539320368,-0.195534605234801,-0.116352460782689,0.0504454293057833,0.151804821316475,0.084804545241611,0.199595228027217,0.230986965768587,0.230206076770045,0.303453464833242,0.163205800695181,-0.0618464086844898,-0.0955808134214843,-0.0401376945250351,0.0009370667982498,0.0085897789839569,-0.103702059006316,0.451353841157009,-0.124473706367521,-0.0081212455848319,0.244418256543501,-0.0151492465717058,0.134469085548853,-0.0879281012357772,-0.156646333107433,0.170233801682055,0.160394600300432,-0.116508638582397,-0.0713732544666966,-0.117133349781231,0.0923010796276098,-0.14212179773456,0.0413871169227015,-0.203187317420508,0.0755900550588209,0.256912480520166,0.229425187771504,-0.188975137647052,-0.0607531640865317,-0.0046853339912492,0.122287217171605,0.046228628713659,0.0854292564404442,-0.0818371670471532,-0.0885528124346104,-0.0562240078949907,0.0354523605337858,-0.250040657333,0.0748091660602793,-0.286898618064161,-0.0476342289110338,0.242075589547877,-0.0465409843130757,0.148212731923184,-0.137904997142436,-0.0545060520981994,-0.172888824277097,0.0342029381361194,0.0315479155410781,-0.113385082588231,-0.0952684578220676,0.0991729028147753,0.0841798340427778,-0.0271749371492455,-0.100734680811858,0.264721370505581,0.0470095177122006,0.230049898970337,0.1992828724278,-0.170546157281472,0.214588296799215,-0.158676644503641,0.345309115155068,-0.0396691611259101,-0.0271749371492455,0.266439326302373,-0.13290730755177
critical,0.0993134369632903,0.367914707233674,-0.355677032536776,0.098528970636566,0.345635863554705,-0.116571696151224,0.0219650571482791,-0.33575158783798,0.18372201371882,-0.087075762266392,0.254010196593313,-0.184506480045544,0.260285927207107,-0.317395075792632,-0.0997841167593248,-0.0235339898017276,0.36650266784557,-0.419061911736095,-0.165679288204162,0.315512356608494,0.141517725341055,0.419061911736095,0.404941517855059,0.0067464104098285,-0.428004827860752,0.11029596553743,-0.246322426591415,-0.196744154742442,-0.0759363404269076,-0.412315501326267,0.157991518202264,-0.130064516970881,0.114532083701741,0.263894472310038,0.2102369755621,-0.356932178659535,0.428632400922131,-0.289468074561249,-0.210707655358134,0.210550762092789,0.363207909273329,0.228279701076757,0.169130940041749,-0.288997394765214,-0.264051365575383,-0.0116101016355189,0.329789643754875,0.103392661862256,-0.537359433806113,-0.312845171097632,0.10480470125036,0.126926651663984,0.200823379641408,-0.055540215932077,-0.620669757704228,-0.341085958859705,0.0569522553201807,-0.081741391244667,-0.0602470138924225,-0.238320870058828,-0.512256511350936,0.0939790659415654,-0.175720457186232,-0.356618392128845,-0.219022998421411,0.0666796377715614,-0.383760927033504,0.0145910736770711,-0.107314993495878,0.0975876110444969,0.333868868653842,0.13649714085002,-0.163325889223989,-0.0208668042908651,-0.195332115354339,0.436947743985408,0.515080590127144,0.159246664325023,0.471307369095931,-0.298724777216595,-0.504725634614384,-0.29339040619487,-0.339987706002291,-0.0196116581681063,0.331986149469703,0.141203938810365
critical,-0.262034529947562,0.349681874402833,-0.134054931735167,-0.0088744299753438,-0.399359950485498,-0.140565481386153,0.47650569223298,0.401252197514318,-0.274478393052907,0.139594919129965,-0.149369761846367,0.402459540199641,0.1426203320997,-0.218945930325595,-0.353347375882553,0.29103447030105,0.333495338466973,-0.365139275314654,0.397102740105883,0.487613272474555,0.324525528557172,0.408913915165302,0.317029374776539,0.381110440536007,-0.378554698878316,-0.363668854737215,0.22988581260951,-0.345449703900749,-0.300444074300553,0.382254139230419,0.402922086413729,0.354929422994618,-0.327267486543053,-0.357329651644774,0.482055764911356,-0.190582257777392,-0.432218251854167,0.0761572462737367,-0.111898045603888,0.367161254199473,0.401640911191629,0.290323991330593,-0.462636052279892,-0.0543058444146731,-0.356709182969737,-0.488389563943995,0.164163840233133,0.391516938675443,-0.261056498385789,-0.365627017527307,0.283423213488722,-0.0935010082638942,-0.41471398584583,0.0926193204179445,0.204905735491512,0.0881977668774679,0.212069969853895,0.0305192039937189,-0.41848443623214,-0.432761377074594,0.377670601578952,0.371741280933108,-0.360168435237162,0.179683818092209,-0.260051033475853,0.331221778224901,0.280371193269138,0.428150440495725,0.059121653375314,0.294043292462986,0.32735815083297,0.203612272056998,-0.395956012384321,0.339613456998237,-0.0760128855934356,-0.342039157013063,0.462540810028487,0.438590877507545,-0.129789923825117,0.200794794916948,-0.499142816850563,-0.391928197952562,0.401333120728288,-0.513851566165687,-0.446814238749485,0.413360940070447
critical,-0.122322669636468,0.0877893176560856,-0.134078903789202,-0.178821582473566,0.240998769529324,0.180993889334431,0.0883690681602688,0.0559006965529109,-0.319462024669127,-0.212222897778278,0.226910410470514,0.0625411597651749,-0.306092425006611,0.233538688142674,-0.0996533469712791,0.166962708579186,-0.195896617411889,0.0909320621838553,0.182879461063153,0.224285645132092,-0.144783057156334,0.301215584387105,-0.263500119210924,0.0566983807551097,-0.143644833975688,-0.243708271238931,0.324101340991527,-0.20867165645225,0.0900623895601185,-0.0697147872244549,-0.0173378676648763,0.157301637444965,0.164743346786535,0.130525131620229,0.16078173396377,-0.121740763229036,0.18578355647473,0.0466609639015199,0.175913456460262,-0.210217345346992,0.129578315154141,0.050361056286666,0.0737337658206328,-0.184882576386418,0.194602794257606,-0.227516781693079,0.0783949223802965,-0.0199034862663313,-0.113753047955878,0.0470222182981443,0.101966349952884,-0.209889085643573,-0.0246121664324009,0.0845760844655599,-0.0254326282211019,-0.135989221537829,-0.0568516373556496,-0.343559867574212,-0.189112458561321,0.0839824611926428,0.104389772674816,-0.149260399530273,0.0320651239648363,0.18235023368294,-0.266334382104213,0.249586107110527,-0.0978371390862258,0.117224052187067,0.0683231985445674,0.185301477761228,0.0429789623566821,0.0839166592760807,-0.0076180247333839,0.0720771885109432,0.0033412750965425,0.0965682494216942,0.224662553261004,0.075134821727832,-0.0024447005496528,0.329975802405863,-0.337969704183997,0.267511224073496,0.0017894934317481,-0.0461991319315747,-0.102604497314643,0.136938475111938
critical,-0.032485930904077,0.199754527276239,-0.0627942463306505,-0.0864423085684176,-0.0453943793649581,-0.0006135259774983,-0.0338383436052315,0.0340483793334507,-0.0520288016757734,-0.117462955212066,0.17269874990337,0.155132815114818,0.169707888021261,0.0613124021756679,-0.0897691849904663,0.0768196671385879,0.122454580570383,0.04516795424303,-0.136012445436598,0.161593070812644,0.0280539958815041,-0.0254125541682589,0.141224208698191,0.0954291736604992,-0.0034410480502648,0.0716751451476731,-0.0277987561168006,-0.130570697847942,0.148544683783372,0.0203081425010893,0.063746600112028,-0.174838066628605,0.0273098875694752,0.160339697789727,0.13782269553132,-0.0600172351331635,0.0093419757266415,-0.126137079129526,0.073830936517039,0.0441477198128064,-0.052518842416407,-0.0458860185510119,0.0040582397959269,0.13376539349004,0.159607673725075,-0.152936742920862,0.274326119463199,-0.0420678226319934,0.145766670893422,-0.0011140098948775,-0.0923811087449511,0.142323342394358,0.0095244116306046,-0.0397633332133342,0.120333613998573,0.032438616919638,0.0357664310963332,0.0134242348290833,-0.174613474390758,0.0278906134469502,-0.18061791739255,0.0836123355460067,-0.31927681300471,-0.0476931143801044,0.0898917964105013,-0.302482820791105,0.0349188927093121,0.0089365673428581,0.142007084639812,-0.0389862756130428,-3.15000310814801e-05,-0.100215302875591,-0.107095757905489,0.168616107174027,-0.121352228670771,-0.138707339164696,0.166882880835955,-0.0103981432099121,0.0215767966622234,-0.0633585615018111,0.0998068467892064,0.264959080112368,0.115569500705069,-0.220428053087789,0.0750489732398656,0.0258794494192074
critical,-0.225822373866661,0.133875285007216,0.0378791702764695,0.0047698333833573,0.0352460163038528,-0.012437607172332,0.0721322374565703,0.219055609467758,-0.0371841058898431,0.110213675147137,-0.0604301481536842,-0.0461500687183899,-0.10892284128626,-0.0211461387465728,-0.0097492893595068,-0.0595438491210018,0.0050934612459136,-0.0087636954144492,0.0019638327114208,0.140564820029827,-0.100427609894158,-0.11760562973507,-0.177804089759879,-0.0385337811802765,0.0007906817096544,-0.0081127620999895,-0.116564871949804,0.087059572616977,0.0128090436964023,0.0009377852835436,-0.0687451776677714,-0.04982765806562,-0.0992985899645586,-0.11238713045135,0.0573593610487471,-0.0172699595745923,0.0437118269811764,0.164035195243849,0.041019831579004,-0.110768991138569,-0.0890932795259953,0.0513979887168872,-0.0645711137586653,0.0249965747931227,-0.0503829740570517,0.0559729098648414,-0.0759127993055227,0.0795278696338499,0.074717582767673,0.0879311612922706,-0.0695468921454675,-0.0141366534507523,0.0209512265111696,-0.0522180911413195,0.162108138425901,0.0465582811359325,0.0458521839812643,0.0936240696017827,-0.114358318341466,0.0388831521682634,0.0013570304691278,-0.05946661974471,-0.0423069878505345,0.152980361666076,0.0049059041892048,-0.0147177125676147,-0.0601396185952531,0.138542145888851,-0.0176708168134404,-0.121025787827994,-0.0713047798534435,0.17117707375617,-0.15383723998398,-0.074989724379368,0.0358270754207152,-0.0250039299718171,-0.119506943427588,0.0501917394109958,-0.0883173081737297,-0.113501440023561,0.107087724201992,0.131190644783738,0.0221537982277138,-0.0222825138548669,-0.0431013471495362,0.0880194234366041
critical,0.0670898535643376,-0.0111291907943913,0.0586665285161192,-0.049004700235542,-0.0089833270888745,-0.017637257721827,-0.0140873349963447,-0.146108424168772,0.0499278398061814,-0.0138657727678749,-0.0470535181615998,-0.0374484447375764,-0.0325262394750014,-0.026715976627294,0.0305631451179803,0.0236697064777465,-0.146164991921403,-0.0562422229896303,-0.110143557618311,-0.0425440953364991,0.0387648767537418,-0.051180375832743,0.0973301820476776,0.0138419793857042,0.0553023688018959,0.028544231424019,0.0868862593701934,0.0023867911899865,0.0303395247463607,-0.0074523492413407,0.0667587731731111,0.0131822821382334,-0.0439487156682328,0.0291547515238054,-0.106666355950787,0.0326355393498482,-0.0044648609075098,-0.0538386236305874,0.0713963310012776,0.145982534412779,0.032116637804213,0.0047292699342791,0.0417416689799915,-0.0332484294326556,0.053677433601177,-0.0854838531015451,0.0649229406675166,-0.061631938587071,0.0140756410011757,-0.132785502248639,0.0774785182166496,-0.0351883229032612,0.041147333369519,-0.0044472107708012,-0.04396973367555,-0.0272182259238085,0.075181692829497,-0.0001335922008113,-0.0124357998546147,-0.0423928218149921,-0.0052842201690221,-0.0619191431084232,-0.0705850795764158,-0.0944484074301749,-0.100100473911235,-0.0536951149218726,-0.0096068820952761,-0.0074488254507965,-0.0002569872378353,-0.0513461810922468,-0.055266039456904,-0.0313348552471772,-0.0599112685459014,0.052966719350782,0.0089191816273738,-0.009220699598813,0.029942303118458,-0.0007901710495704,-0.0075644868590153,0.0307060301469527,0.0862538481114504,-0.104082357226269,0.0232851767326006,-0.0206358163710847,0.0538816887167967,-0.0114395962021589
critical,-0.0705482288838845,-0.0144025667561595,-0.0472867696595255,-0.021960165567852,0.0248195969225952,0.0283426657724422,-0.0234344206744252,0.0553469216973762,0.0769411216219551,-0.0656978850438295,0.0969341290667361,-0.015305232521312,0.091828425832592,0.0611051275693239,-0.0341906928266132,-0.081487855019619,0.0701629628212906,-0.116521085381963,0.0241359166843505,0.0926524052728217,0.0361185077872227,-0.0197940646610139,-0.0562495874625288,0.134374715577427,-0.0182218228101972,-0.0148123295048142,-0.07486113027824,-0.0465437035156787,-0.0227165935404593,-0.129217791999701,0.0350718312009849,-0.0788615133443643,0.0878985635293703,-0.128598693933798,0.0277502913640609,-0.0482658947781408,-0.0098788453969163,-0.0008217524687696,0.021571187886158,-0.0858890929485578,-0.0202453975435902,-0.0116945694607018,-0.0472541074114443,-0.162712185083129,-0.111148887896429,-0.0238968884143019,0.0772773943124272,-0.168866791874971,0.157810620899492,-0.118874994215267,-0.011395412961231,0.166374068487321,0.0288459613224204,0.0694028232295832,0.0637247883301984,-0.0264809176318151,0.171675745209952,0.124788345765601,-0.0595685172618685,-0.0123003056978436,-0.0833792961130473,0.0640261718011292,0.0260592777020399,0.110803707320116,-0.0201622572757472,0.0789260955167066,-0.0582627696624414,-0.0065821853121774,0.0916398755823052,-0.0103524479940934,-0.076467519024778,0.0668581371745314,0.142373254738215,-0.137441255277957,0.0742947372035596,0.101436323035199,-0.0439225581071642,0.0756442819083683,0.0420897605955181,-0.0770279735088982,0.0733185813802244,-0.155124150994815,-0.045831072648453,0.0262136810566055,-0.0258640465373728,-0.0655828248517254
critical,0.0066058418141932,0.0769948107634321,0.0368383987579624,0.0121603009688419,0.057931083112575,0.116983905035727,0.174288707223056,0.0875514420645726,0.0359887219364637,-0.0250121773502007,0.0143684542236202,0.0443909277394159,-0.131919821506069,-0.019436681569855,-0.112110312802629,0.0157177338381552,0.0655592542214767,0.0304905067412005,0.0031103387423652,0.100873126667107,-0.0635731119761403,0.0385755832174078,-0.0405100945418171,0.0229392651193167,-0.0595551749843606,-0.0095918528308352,0.0051521202781983,0.071647577488621,0.0833392210577212,-0.0082593966652234,0.046048013076539,-0.125638530841595,-0.105960069490723,-0.08826955463913,-0.0334020752154479,0.0724703075336705,-0.0712786221864686,0.138806258942853,0.017737522981338,0.0552791906679093,-0.0817256328696981,-0.142646072183252,-0.0421782102097993,0.0126591137912332,0.0428510896503824,-0.0624967525903973,0.0644138162915466,0.0827414961083857,0.113909183241459,-0.0432294173203116,0.176143070661522,-0.0537432146575851,-0.0308717212174377,0.123305562224893,0.0242601740596966,0.0562764554619033,0.0720630435315934,-0.124511837647219,-0.0712343350667236,0.111770644930689,-0.0499549738217698,-0.0564378727970497,-0.111880002225051,0.0001958932145338,-0.0552720809321035,0.0084588301185742,0.213175802198176,0.0174999953879907,0.0991709252286975,0.21078430748467,-0.0094361310865127,0.0303402952859456,0.0027246282603578,0.0543902103686365,0.0167704526208896,0.103213526859507,-0.0261519782056511,0.120916154594325,-0.112214023269788,0.0020103680117858,0.0421565103988694,-0.0719583285338611,-0.0140168782756599,-0.0435586692830053,-0.127741920335021,-0.0424246712983429
critical,-0.132886505629597,0.0740836089965401,-0.0945895736567157,-0.209359190080968,-0.207632272889915,-0.186942460464456,0.19314007115185,0.215306565268726,0.0095280776554273,0.139308042082451,-0.106784866056557,0.145288384531418,-0.164032644077596,-0.291005913880474,-0.0298317066290054,0.129594085022035,0.275369453590687,0.128571693596604,0.236738652888322,0.262546173544102,0.119383931219724,-0.0154780236488109,0.257416392685536,0.208309582497492,-0.210358256719789,-0.357312882741077,-0.0022915489350035,-0.262393456750294,-0.253582962052591,0.116051448239983,-0.0666610602191478,-0.0243742457280564,-0.0326798701451245,-0.195927934038731,0.278032378449724,0.158777604817232,-0.196709341739181,0.241554701692478,0.215176305907654,-0.109662410208406,0.278593384498201,-0.0977642685573849,-0.049856000771175,-0.237730483764194,-0.232678694428295,0.0828776239706377,0.298490287016883,0.0409610914437388,-0.180258561185726,-0.243099130754049,-0.134419846626779,-0.0883895796996679,-0.129433929301308,0.204240450402798,0.0966493750133957,-0.0918216911649306,-0.0274530941186535,-0.150473621339925,0.138043088504268,-0.177239568026431,0.0346693845820182,0.128205951565752,-0.288969437310405,0.289984452320908,-0.260831493075271,-0.146794861000504,0.112828064312389,0.321741747062097,-0.1348828338735,0.145093472143742,0.123094041322589,0.290547380613106,-0.234547693560701,0.227458474346871,0.0695327907558422,-0.0085575633684576,0.1541162263066,0.235265964150325,0.0638599447901919,0.228112709215801,-0.191272150351287,0.046366120412307,0.359957366562794,-0.314055530521019,-0.183026467119508,0.160438915673818
critical,0.106134136427599,-0.0145919540650413,0.0069407477229649,0.0966218988385335,-0.0589573451601783,-0.0567324388109137,0.0563110643142249,-0.0032707270537603,0.0655114964705332,0.211504575087361,0.0506394521350767,-0.0864333681300876,-0.0539884786063147,-0.104023365680127,-0.0155939192992216,0.0895966701651322,-0.0583842168138262,0.071162587074048,0.0015492536589749,-0.0595781993961308,0.0996004510033917,-0.0954544522963627,-0.012141895123414,-0.103904607850987,-0.0127435643313999,0.0213005601651361,0.0100505321618531,-0.0004012427474582,0.0142986653864169,-0.0088621185281599,-0.0519675906894322,-0.0682517533243055,-0.0931204502437989,0.0196234156012982,0.002811316638055,0.0584212781668357,-0.0445560718955945,0.0330435793442517,-0.014953657277358,-0.119384391548416,0.0064536317879174,0.0313753729429352,-0.0948947172714213,0.16499942686723,0.0024981468128876,0.0122987167163137,0.161583740081112,-0.0679629198045703,0.0898288674774885,-0.0874979561914041,0.0146677474556438,0.0672220547260401,0.0169154586494725,0.0554064164570305,-0.126039285139153,0.030460116238636,0.0116726276686663,0.0499735172601141,0.13879966769536,0.0152683864081366,0.098481510003627,-0.0277217806721346,-0.0571189238445514,-0.0561659932028954,0.0199578866549046,-0.0604977441908609,0.0759185805672372,-0.0863152507300377,0.0608959797060689,-0.142532784552333,-0.0184536579454536,-0.0756702054591645,0.0206226520506588,0.0324758807227959,-0.0021782107151572,-0.0314260503752999,-0.0500861770905246,-0.0070809181595162,0.0042487179641681,-0.0382356493584641,0.0178069637879437,0.0555217772275176,-0.0979454708550275,-0.0621261604543482,0.0949864378550526,-0.0493857425789138
critical,0.108472875557355,0.162752189441096,-0.0615393414297229,-0.0449148751529918,0.0499708111575678,0.016403366361811,0.0438460404829852,0.0253548920140285,-0.026909828408108,-0.0077864926622009,-0.0575441184799932,0.0361484715075162,-0.0678690628980031,-0.158338886823352,-0.114186031858958,0.0381555927067373,-0.000283127221434,0.016879699561508,-0.0167938626531915,0.0959563843407073,0.0851153362181715,0.0225366539097657,-0.0141442209980559,0.101885935102329,-0.0889274887394964,-0.0333007302010199,-0.0502237575912625,-0.163118650268839,0.0942446339565744,-0.0090924728483424,0.0315036981522489,-0.0760944709825229,-0.11142787300288,0.169439657234641,-0.137815047713239,0.0114771597488743,-0.0727151638466936,0.0992941140770253,0.0314073869013213,-0.0617491106092398,0.0338266494844707,-0.0948695936547959,-0.0106145181126592,-0.15417485097357,-0.012058791618361,-0.110854325104914,0.0463611343606622,0.0512261512380574,0.0092353681027966,0.0391660797359631,0.113465560837142,0.120527451088124,-0.0170084125748885,0.007564282259924,0.0332886842364716,0.159561401650448,0.0282044872697561,0.0110812145407176,0.135502128410867,-0.082023814704129,-0.0016274945086634,0.14441988771871,-0.0742169662440234,0.0670387383260528,-0.0216775884192759,0.0042599800752275,0.0803645960185184,0.0605087809298865,-0.141409252974428,0.0101255272392767,0.0788049824022666,-0.177156603273395,-0.0580839753208629,-0.0902738040850551,-0.11314692625302,-0.015420067451007,0.0400514769520827,0.0459963957294134,-0.0778453895732573,0.152767731739772,-0.0297725801157407,-0.0129222425928192,0.190556016636884,-0.108749462196475,-0.0702646946866363,-0.124049625245678
critical,0.096241656476264,0.110555443193888,-0.0930217556572668,-0.27255411665592,0.0515818850878449,0.0113063482583583,0.0867329031497058,0.159819913221855,0.187967175025892,-0.0239136012948711,0.146351516650792,-0.0300191643834245,-0.157291702827431,-0.190323056691896,-0.0217612217282343,-0.159610076426789,-0.0561080251655862,0.192288104303453,-0.10793233739085,-0.0159848544379395,0.18713049508592,0.0952391492060892,-0.104840589132891,0.0356480832961729,0.123194369708901,0.192516736807472,0.0264753605711287,-0.0459671358891626,-0.0033190054662004,-0.0453054519179065,0.134020489687308,0.157090076131396,-0.193718953694719,0.216920318479622,-0.121823074792342,-0.0231217226567255,0.218258397919385,-0.0508487274118143,-0.0717639755346743,0.0813459112668208,-0.152061703041272,0.130582208569175,0.200859739422688,-0.12930780949145,0.0258587279554768,0.0642744481381614,0.0875978391665509,-0.157445944332603,0.10926545743069,-0.183770689178335,0.259664011121271,-0.100514575428519,-0.0165681048742769,0.15714150385833,-0.0057202302172153,0.0899471360830765,-0.0065163597695807,0.02160931405832,-0.0452053887312222,-0.124959541000868,-0.0504255947444236,-0.185805251740076,-0.0932523052402478,-0.062862019375181,-0.108708379289745,-0.0400850792021867,0.0640736132790896,0.0307627409668566,0.0122187944929543,0.053473750293814,0.113168296792042,-0.0776517001072766,0.217036051703038,-0.0551001000635626,0.0472886701039721,0.115421489706696,-0.109111174249888,0.10771749952023,-0.0981082245750622,0.119488447697437,-0.157693289194315,-0.21010151866599,-0.13658387431312,0.0277623456889948,-0.0234610039573488,-0.191093264002646
critical,-0.0545879869888569,0.0089299865884701,-0.0350655792497576,0.0801825904187151,0.0255058923495838,-0.006370646004549,0.0031104467751398,0.044141475277736,0.0585141896135958,0.0235549814375261,0.0801979446032719,0.0056134469752156,-0.157938808564241,0.0132570067155407,-0.0447770920447228,-0.0518547097694029,-0.053397599760763,0.0366164233879486,0.0163927637646416,0.0102950611805619,0.110218735815522,0.0126334373529676,0.101023152220847,0.0936101376172091,0.0039767874236864,-0.0045659841472574,-0.0598418707783384,-0.0528336060642294,0.0359005501731618,-0.0322191207769694,-0.106521147882847,-0.0510847483561654,-0.108916186179868,-0.0231960259843588,-0.0343317779242483,-0.0188290206292863,0.0220831961564886,-0.0279200563479744,0.0330089943690152,0.0022197789494316,0.089931121276797,0.0385201277791511,-0.0234327556936381,-0.0194712688310468,0.0651202426153669,-0.0795539447017599,0.001067893366897,0.0237818265553503,-0.0329586061894275,-0.0390834779941434,-0.0140326879647015,-0.0091253011107667,0.014729328231196,0.0483013510744327,-0.0386164712654858,0.135079108932177,0.0660966186074897,0.0542146604479321,-0.0324161869990175,0.0083661537623219,-0.036844376723983,0.0235220923809666,0.0595109425211957,-0.0170702783297672,0.0304077381124679,-0.0123212773074485,-0.0042108538343639,-0.241405675146705,-0.0890579346996296,-0.0038362224558691,0.0625881606245181,-0.097953781017432,-0.0366727995207686,-0.0526296045411242,0.0409606923952257,0.0679385130217451,-0.0704292870725346,0.0498434903373279,-0.0042261007719972,0.0773722562846806,-0.0045880770135115,0.0382194431544534,0.01729517512848,-0.0959694984376588,-0.0695975871802991,-0.0123603866855747
critical,0.164645746845439,0.183367601187475,0.128418494196698,0.0673906126662542,-0.100357622914828,0.0877320712974057,-0.128087211501197,-0.124239774905301,0.082105523929375,0.17100497234426,-0.159671247957442,0.0032023993898417,0.258810662018443,0.127720872435802,0.0524268011768841,-0.186010851477503,-0.148221837549972,0.0092653985630561,-0.192743427315698,-0.0298399820540045,-0.150544322055468,0.101726574159199,0.0913218435745791,0.0274018115278579,0.0641216061736133,-0.103361953814767,0.195644341924449,0.179074948693921,0.147848487210598,-0.173152175000284,-0.0192634752569026,-0.157385572640335,-0.208282163271334,-0.207039414958582,-0.202175343635752,-0.0803018736983147,0.0466442529628239,-0.212862277998021,0.324877896721189,0.181094195599831,0.149268270191316,0.203961465681865,0.147771363196831,0.245492747095609,0.297679412138718,0.110592330105461,0.245904659441867,-0.0754395551939791,-0.0519710683682586,0.120110134531755,0.0485688476700194,0.231757661371034,0.0420501156881795,-0.182736586529378,-0.130251942342168,0.109458256539381,0.194008962268881,-0.0581830571135236,0.193125541747546,0.0945645577897993,0.0256945663140068,0.157946474558643,0.235491164764774,-0.216872726713926,0.157064806855803,0.224919916423156,0.0359765996039969,-0.195560206636703,0.14324558584348,0.0889870893396206,0.31024536792732,0.130907496459191,-0.0479728893818168,-0.379082055851713,0.216169846497545,0.0756569046873236,-0.265776362716435,-0.187595399396724,-0.148784492286775,0.0569806236261501,-0.100115733962557,0.226848016767341,-0.123365118476439,0.131052980394253,-0.0021752477519395,0.15285804246849
critical,0.050554704322111,-0.0535384132430434,-0.0144818318153719,0.0935803217123106,0.0851887022645903,0.125864388931467,0.0122091428098824,-0.0225951830232044,0.0263384355028341,-0.0513221701082785,0.0045433974541114,-0.0787726882922301,0.0522460998869807,-0.0167673944405003,-0.024447003694344,-0.107555130969595,-0.0391397648161077,0.0124903818850715,-0.0141431565910244,-0.0384554824183764,0.0018637040123447,-0.0134578839148594,-0.0386376936501891,0.0354083956776831,0.0124666152026612,-0.0278763379104704,0.0196094935454044,0.0380336238055928,-0.0443684349463842,-0.0617299964471433,-0.0708742275045246,-0.0064041306311549,-0.116655789775891,-0.0272494916618975,-0.0413322412684623,0.0274158584387699,0.048023552645409,0.0086471112836315,0.0431791105474331,0.108070075755153,-0.0125299930224221,0.0073310312451585,0.0060793193048802,-0.0607951736056696,-0.0385713449951269,0.0295875390440154,0.0362857823699985,0.0207294984539921,-0.0299925629234251,-0.0136925799036616,-0.0553763700161103,0.0819306862175051,0.0223436523010282,-0.0708653149986207,-0.0792925844699565,-0.0065833710276663,-0.0367997368771222,0.115695219695139,-0.0583571081017414,-0.0045008154814596,-0.0069398712638215,-0.0176853825486,0.0469352366467018,0.0204294440885614,0.034361671373194,0.146414646988947,0.0266196745780233,-0.0092868311518433,-0.126259510026539,0.121872576564962,-0.0024687641353748,0.0614626212700269,-0.0020538374716275,-0.0599960189096216,0.0430295785039346,-0.0193856906193737,-0.0004000724872408,0.107709614405262,-0.0256680170031756,-0.0689580387351903,0.0554308353299673,0.0250035401741196,-0.00649226541176,-0.0223070119989789,0.0374345053531653,0.0013002355835327
critical,0.122440418615958,0.0189166007848113,0.15486669861255,-0.101362375240333,-0.016963346222684,0.043078346457942,-0.0434688647665276,-0.0096966557946747,-0.0081378976563307,-0.0170323002194461,0.0295965140525461,-0.170061109610605,0.101342484664344,-0.0596306207768518,-0.154408552345601,0.124479202654838,-0.0409308272703214,0.0140354534370919,-0.179769036731674,-0.106632714858239,0.103847371200569,0.129761476618337,-0.0350352605471592,0.0015355524663567,0.15125987416653,0.0607232764178517,-0.0402180816307128,-0.23207064327575,-0.0899610970833948,-0.0945319514456845,-0.0290362628288537,-0.0206112778590806,-0.0478414763881262,-0.085483065409054,0.0169587050882865,-0.0590279363243828,-0.11659126323677,0.0518693180259142,0.136021703901299,-0.127214156853336,0.129728325658355,-0.0613869586366872,-0.147869193979593,0.0894054869940999,0.156203345319016,-0.116113226393832,0.106530609901495,0.0759329368574988,-0.110188486825886,0.16732151427771,0.047767218237767,-0.166354169265441,0.0024956042674294,-0.0893100122293523,-0.137784008933931,-0.0445906932523115,-0.0288897355857342,-0.224550016494281,-0.110197106075481,0.0275292201880814,-0.0070352967273363,-0.0756233068912689,-0.0678467546987396,0.147446187730225,0.208607719839036,-0.0246265221320755,0.0908157288317254,-0.0182297128939885,-0.0343775455011204,-0.0536123955017569,-0.167580754784767,0.189649348844648,-0.0022768079315496,0.0794767744795526,-0.0146189103327715,-0.109795316440502,0.1961091449067,0.0227541559123038,0.18221557757833,0.0223947995061011,-0.116196766812987,-0.0748575197156894,0.0302350015417954,0.0199290311026553,0.0821659803532757,-0.382032325849394
critical,0.0497988079523922,0.0755195883070994,-0.0011040568866729,-0.172444397838476,0.164420885375762,-0.158084168102185,0.0706503528872329,0.0432763334821427,0.0406161106607672,0.0461762430089017,-0.0441254236359639,0.192152637188637,0.0420260677051858,-0.0683173024187059,-0.0770224239498542,-0.162068959579186,-0.0150795894608235,0.0567823797221232,-0.114291010161559,0.0349939593776146,0.0884422970278528,0.121236831275192,0.188177433179851,0.116856556734308,-0.0108760838651597,0.0829585648170592,-0.118324637804782,0.018966708605381,0.120500094264519,-0.03494811929521,0.0231774048022062,0.0358604268175761,0.0731931292229705,0.130517500507642,-0.0579811128574226,-0.0315613461481406,-0.0617510851247239,0.0210166291531737,0.0880426194466258,-0.0708720630897127,0.074034129950485,-0.0325647346185524,0.0079510072343353,-0.0131558040417389,0.0631137040448293,-0.0642225546656099,-0.0720021859055961,-0.0975000576242967,0.185173559544632,-0.0663791357972983,0.0660798270239506,0.0761886138235012,-0.0388031803429224,-0.0922386348327463,-0.0140507342779646,0.0805380287010672,0.0223172291382611,0.118741093455386,-0.0467901405830653,0.10532253286287,-0.0877858550634836,-0.158770570904727,-0.169930683515766,-0.108315320987965,0.0474145244505894,-0.0760238292135501,-0.0870335384169611,0.0257477451090629,0.0316452364950248,-0.0039299631431448,0.101626863474238,0.0717421258302549,-0.0570556225662605,-0.0569831173378819,0.0038910140535199,-0.0952676755720307,0.0804823015420656,-0.065862311338815,-0.0170495145706944,-0.0367793257243402,-0.0594497931446602,0.0418319214738251,-0.0778685180198581,-0.105321933646107,0.004698159033899,0.159086358139069
critical,-0.262279086564611,0.251581335608812,0.180617734777413,-0.214612424196436,-0.140205449591237,-0.3059744860734,0.263558922192126,0.319902907329368,0.298049157253288,0.345282768291268,-0.288137888857815,0.323975585668994,0.250635826179974,-0.315281338591666,0.0036412981070947,0.174233205410853,0.28181534417767,0.276938856009738,0.289409214924174,0.273389835678633,0.205487176142785,-0.0336976962532727,-0.0605813317814663,0.247819860690962,-0.120210422336412,-0.22536632877446,0.0891602307054772,-0.112716343379509,-0.332652943993331,-0.327549068025483,-0.031804638893482,0.158482896592785,0.0382505010998505,-0.200346346398218,0.151152597058744,0.397280252107062,-0.185207765991109,0.1796393722796,-0.269849087873555,0.132551431180573,0.260302426914577,-0.285248916548857,-0.322250384736296,-0.204262617107515,-0.281839438798603,0.317275858838723,0.311912879770606,0.300770569429065,-0.152471816073058,-0.310727490790518,0.148685298393756,-0.249386271790278,-0.203923253912332,0.319121544727844,0.298476626406179,-0.262574704926609,0.131000605141035,-0.228176842455489,-0.162197284482121,0.2557632397362,0.233497570011737,0.16074282507456,-0.0636838727422788,0.298254595600194,-0.114085019773633,-0.0846730016275294,0.09764330318576,0.344502045684594,-0.0894951968990047,-0.224907013951895,0.105994193025969,0.316085112864703,-0.318075804994415,0.337466914145805,0.122620832570273,-0.0198365692706249,0.300535300211087,0.251109043112896,0.192863787348619,0.0715472879865147,-0.268173770983901,-0.214024565223038,-0.104329661234716,-0.116485284903944,-0.185251475269025,-0.261801757072189
healthy,-0.0054856578105852,0.0621009433334808,-0.0778204668334827,0.0317721818381595,-0.129311055031683,-0.0560420490728481,0.248138586478998,0.030687824777957,-0.0420014801864076,-0.337491308695937,0.203658515640596,-0.0172808515117761,-0.0661717793836217,-0.135774404919489,0.0642637550437604,-0.0711550999324529,0.139346206246874,0.102316522856196,-0.0291784941887171,-0.0662111287844585,0.198841586843874,-0.0815742591397385,0.056613739653577,0.0648868809127259,-0.0331016294521455,-0.094226426577725,-0.0975553156217307,-0.0105579361120225,-0.0176683728432314,0.0134832829970894,0.0081019010987216,-0.0548684531928907,-0.0079877878362949,-0.102014656738348,0.0236102026363746,0.0393539681779634,-0.108302480191706,-0.0895924022281075,0.0164559896967348,0.0261302506928225,0.0589309977621409,-0.232704908269361,0.142035878327644,-0.0914563692923891,0.27471615553919,-0.0692995648826364,0.0471473980808395,0.0690751327642922,0.0071079071268693,0.121497247760517,0.0140220887214046,-0.11698127161341,-0.0472836453812369,0.0893906662820318,-0.0254580083395981,0.053690360238552,0.0546024231365191,0.0395400346304917,-0.135756838222686,-0.046138858884035,0.0127210288894509,0.0641072006418597,0.067589622615916,0.0511218280989302,-0.0741119966049764,-0.027278620796172,0.292572000170694,-0.0892773259542644,-0.0249590438836301,-0.0653289995378422,-0.080201527184832,0.281488960357862,-0.227893530548829,0.175151982737954,-0.133604355730127,0.0779898800574425,-0.0830441700613544,0.0434877632694431,-0.0868708290259455,-0.0626465649361553,0.0654369293229945,0.0898488057346316,0.0052833597302118,0.0034680172826785,0.0879817469317129,-0.142111063789957
healthy,0.144062771720162,0.153661158596023,-0.0791256596400686,-0.0755866546549121,-0.044899413769207,0.0117534272567208,-0.0771565402834862,0.0119482505768208,0.0015698856285741,0.108413528101786,0.0396963642573612,-0.0829447445476184,-0.0435161339568973,-0.15876320128989,-0.0928906633565218,-0.149802355753268,-0.0258156306952247,-0.043970493439802,-0.0388294176027157,-0.0238838325018953,-0.0252842321138622,0.0359108341571397,-0.076766551247293,0.0040094570797389,-0.0465374362004171,0.13260414741354,-0.0087386305370707,0.101142749187332,-0.172531628966275,-0.0761961195227119,-0.105985255718395,-0.115548033410968,-0.137347701502584,-0.140858972412296,-0.0258450767506352,0.144824602804912,-0.205318442081951,0.109281159548418,-0.0428173037348865,0.0197134493053777,-0.0839352961557896,-0.102958475138985,0.204955159933223,-0.070063807285468,0.231746619208914,0.112208987685809,-0.0076292675192779,-0.100602790706141,0.0798227778821137,-0.0444241681307204,-0.035186666631636,-0.0584572679098069,0.0279836821238248,0.137235395616832,-0.137442887588679,0.0614641895216145,-0.136989555293754,0.0482617424219001,-0.0317442173165467,0.219868559810688,0.021586355387886,-0.127745205874806,-0.0786493868136026,0.119206876993726,-0.0521869700873252,-0.114392789330094,0.102862261864911,0.207089998950488,-0.0401062122611569,0.102648949161181,0.0727615453154649,-0.0243809914839432,0.1421426149906,0.0839168067721597,-0.0865282610118839,0.162051914804057,-0.124770127090361,-0.16127399110763,-0.110648004353057,0.201670555170974,-0.110943149699148,0.107216854105741,-0.178538624270027,0.113945962559038,0.134767062902243,-0.0395364653285621
healthy,0.012552779949878,-0.0818612329614629,-0.0093783563932241,0.0064533058692369,-0.0806611894161207,-0.0007362767881866,0.0129283796836806,-0.0962356750429163,-0.0034741777455224,0.0564879547167274,-0.0934470506660895,-0.132130332162202,-0.0883813486247934,-0.0509913431940596,0.0877867003857661,-0.0322910353977068,-0.141675439230028,0.0359214221085176,-0.0069480132277554,0.0950660929303319,0.0922328374205655,0.0864906177614144,-0.159476484459776,-0.110979487666305,-0.0065264817605136,-0.0450720365089659,-0.0069790907344342,-0.0423420076072866,-0.158121121833697,0.0722894978097201,0.0441398482139188,0.0215454740685908,-0.035303020797205,-0.0938520165901237,-0.0081013036077637,0.111874095452174,-0.236068163364768,0.0649795753797386,0.18177192584813,-0.0716031230091299,-0.114457088044722,-0.0248677553662715,0.0005105883751473,0.165492720108431,-0.0325984562842581,0.0742280770809591,-0.0779085026846823,0.008773029539567,-0.114854729534362,-0.164792860134238,-0.0140460746815899,-0.187696434935222,0.0163128159947188,-0.104568211729008,-0.0806746745897236,-0.0524529443451718,-0.206238001017945,-0.239198092693798,0.103269801714288,-0.109459359492703,0.107498190844363,-0.0589464319245859,0.212720125456151,0.0550998032675235,-0.0675933032156751,0.0049829427779158,0.112057822385932,0.0003350073076781,-0.267403052037168,0.0646936486277624,-0.0913109854768587,0.0639746219093622,0.0963009788785364,0.169825978710382,0.160334606978994,0.10064450537917,-0.0540051768153207,0.114914762515325,0.0277508444109765,0.00909236118859,0.0427519021226884,-0.0009777093125391,-0.057421648970248,-0.0345820089517262,-0.0195515850497825,0.0170705869174807
healthy,-0.0732828280716085,0.0515064755495766,0.0756664079088347,-0.201884495386908,-0.249336148761255,0.360249479094894,0.107750417104753,0.282859942565877,-0.31686509391466,0.40379633140455,-0.295320294676775,0.263941611643147,0.110875454780971,-0.312349446543121,-0.120903171584819,0.219108818029224,0.312171105364662,-0.248545492120169,0.385863684566605,0.335597116773523,0.239981185861063,0.296017271734266,0.158694994318101,0.282078638355488,-0.303466727643512,-0.356291716755989,-0.0854040799175252,-0.298652339985694,-0.385802410020661,-0.325138590939828,0.30307547832052,0.331557129488365,-0.143892951226239,-0.361426655094021,-0.287364768350939,-0.268622103070938,-0.319770331552971,0.297167955151931,0.234013260084512,0.255105547397818,0.357474327437066,0.218821544324643,-0.140642724755472,0.0275962160624179,-0.374559988051338,0.358135793924365,0.091308831995538,0.366006622822268,-0.337746228903755,-0.260568967468406,0.234297069925873,0.091382170340976,0.0259254276099405,0.288772279309908,0.173118914934144,-0.370553385241017,0.239848711009393,-0.316378827240209,0.358072500782267,0.217326134850352,0.375782218161051,0.221800550305205,-0.387626002618608,0.390124069107467,-0.400463915820597,0.147893235472272,0.188641035467875,0.38059228196202,0.112239213564151,-0.322576478814449,-0.253056063140436,0.402657508732328,-0.38365784869004,0.256208763944999,0.0980988280692823,-0.007743967893523,0.389659815881004,0.257241950733335,0.177454357807699,0.288455598601016,0.308750755432319,0.19184573005382,0.324663551959956,-0.333808174752142,-0.385140441870413,-0.24151809002787
healthy,-0.499160940929851,0.451677035637157,0.508335486746306,-0.55832254126126,-0.45968487456733,-0.49846674466522,0.173958539942669,-0.484391005090752,0.471883299452553,0.52476440478051,-0.405300070894742,0.439299252709618,-0.310179668423441,0.14372095355493,-0.436955543353295,0.523904274875782,0.205411961569931,-0.445753686405677,0.507266989339057,0.486182625574802,0.536723516377621,0.437770665499659,0.480957451520484,0.466372245845961,-0.455427579841359,-0.531222616672444,0.488764691863406,-0.480417736239703,-0.535236808107566,-0.412870560038629,0.419332514705852,0.457042097393756,-0.381752547750195,-0.495056356158413,0.483972687966187,-0.472750430826512,-0.549794574634546,0.386602617795271,0.59883180251332,0.454440112928772,0.486343009989707,-0.600556348213722,-0.416387115849531,-0.504658593747948,-0.486320541531111,-0.431260562448751,-0.296705275949969,0.483619497493023,-0.544728852253027,-0.606642868279565,0.495340641784302,-0.302419277709373,-0.459704296855502,0.542377373981435,-0.293313518671572,-0.358796489363058,0.472696922127429,-0.49549835784837,-0.0098388707199473,-0.463160059133398,0.521167810251363,0.521743796212547,-0.411621370413646,0.577829897874042,-0.510314647428115,-0.56028257482645,0.513229431090984,-0.0626880620996209,0.0247110303711971,-0.563884258113166,-0.41174286302476,0.48087058843594,-0.529014934174492,-0.380978513483974,-0.494787950762062,-0.5386350355464,0.492855143820898,0.508700484081581,-0.426945591201371,0.541352136916958,-0.530018328544066,0.0116681669009912,0.552147953810937,-0.493819906137647,-0.476488884803913,-0.5791298570061
healthy,-0.100773302796042,-0.138173161519466,-0.0695490324713745,0.0517477785379012,-0.174368314415284,0.0980436608715353,0.117103264585678,-0.105880986728467,-0.0564677781783876,0.0763645987987637,-0.122687730033124,-0.140684218256677,0.0152854824682074,0.0380106201876546,0.135386757239086,-0.0538746777482546,-0.0995476962448554,0.102096173815761,0.0555467356347713,-0.0160554680948558,-0.0353065937147836,-0.0368967935275932,-0.172079184011234,-0.0168667354348658,-0.0899809561640474,0.110628829251167,-0.103994501525065,-0.103800232454902,-0.12667973111334,0.0205617457714729,-0.149304782952191,-0.0305664729514177,0.0489987579673735,-0.0364931459831861,-0.0428655278734253,0.1167336967291,-0.102610747402906,-0.0026462988970819,-0.0229958819060894,0.0645684977010573,0.0273184708077846,-0.005372970914153,0.137206011162904,0.132288252811017,-0.0155577116085677,0.0832204816195977,-0.163718152101791,0.0511098795444727,-0.18100999266229,0.113045294436539,-0.0478257930254911,-0.127667967812697,-0.100771038241622,0.0217072761934144,0.024457076364644,-0.121244652009929,-0.218513649650604,-0.06636428935613,0.106137883721689,-0.130945297792262,0.116039443742072,0.0432293415343459,0.122017533296328,0.183523239706235,-0.142885513648304,-0.0281313715968844,0.127181534098509,0.0849378305945147,-0.194136909282107,-0.189913663784149,-0.0530448113629261,0.135920672348409,0.119991016957314,-0.0336346843236387,0.139424866132247,0.156518539619073,-0.0717070414621209,0.12760786431096,0.0379311009160533,0.142670603721461,-0.157174220933275,0.0850692118747186,-0.043882646922599,0.196878393712515,-0.0172909495882678,0.135631885974092
healthy,0.107961879631734,0.109012377582898,-0.0202223341161033,0.049161832661708,-0.0649234776734293,-0.167861738104294,0.003984853102653,-0.0928275904852258,-0.0360096301283357,-0.0603677406756806,0.246035250033975,-0.0584465006218965,0.0874217912612375,-0.0529289505274645,-0.0603074906512243,0.033500803202379,-0.0702809575708734,0.225862428314207,-0.0922990605677182,-0.0965491728539511,0.0361486227590121,0.012709573640832,-0.0701473337542575,0.0158592778896356,-0.0394621752591423,0.0888395558631295,-0.0390624968790858,-0.162621775581284,-0.150114626115028,-0.0062598383495319,-0.0897592138271899,-0.0405858481575002,0.0113944130409844,-0.109705948821523,-0.1428856174051,0.0710659974934919,0.0732884876695574,0.101953182473253,-0.097799708840108,-0.024047514711699,-0.161139784055632,0.186421529466341,-0.0467098753957991,-0.206891624409086,0.104215441642359,0.0069768732940512,0.0847823231931429,-0.105211257228091,0.026232224344376,0.0053419699901583,-0.151448875831535,0.0502419585126866,0.0485901533867515,0.0908258182205348,-0.0137447605296749,0.0685243611482768,-0.141974708619509,0.0262554892053047,-0.0622796350161002,-0.109340869465412,0.0563900459917748,-0.120408779073534,0.0223648886161575,-0.0255818024631995,0.125481711825774,-0.170484900885242,-0.0108921306588835,-0.0414434664924175,0.0369137781851104,-0.0118875485546859,-0.229741893585303,-0.142996771740648,0.0163052871465843,0.0282465238418748,-0.0443523694883612,0.0103126964302841,0.0024970950730098,-0.0393508220786291,0.0404247837356864,-0.0564994107226361,0.0098688744679527,0.0853331237467531,0.0856663879084321,0.0682887298645121,0.0470514910460165,-0.124004293734321
healthy,-0.104512262629938,-0.10638240006787,-0.115374106669564,-0.317332714434373,-0.309244550473368,-0.240858691539166,-0.110552039863916,0.0270560925276189,0.167259450772092,0.260808425751913,-0.260426856597931,0.114957903232404,-0.145583877249286,-0.192996685280405,0.0794297549751463,0.333482833243998,-0.256375670149084,0.196148017947126,0.253426427727729,0.23294845807701,0.145913005407767,0.0772480228422753,-0.0360230701144995,-0.0373171080360647,-0.0824652984702972,0.0089716228161825,0.433350025967131,-0.271658702259748,-0.33427438942534,-0.18944053454246,0.189834399891653,0.21619318429715,-0.31240173521818,-0.306469094277662,0.349188353513819,-0.0803044698692849,-0.216014752842199,0.219527957979833,-0.0059998829117374,-0.314424823662098,0.0013696595221127,-0.147461255779954,-0.322316339582655,-0.144221162800395,-0.253093906730199,0.261848934344814,-0.202605251008516,0.145460983609372,-0.208801189921673,-0.31396121156118,0.3706908011622,-0.346199558331201,-0.224958185492324,0.300658481689246,-0.313261398658552,-0.22514032857657,-0.130298932397146,-0.283414730169263,-0.248430164823259,-0.247529627919177,0.286928527345926,0.0647393083907248,-0.26487773770333,0.230045827343797,-0.289622509862994,-0.110395240604244,0.280362427415454,0.259491093371643,-0.146916101688201,-0.389042462641424,0.188045257946991,0.429530554485816,-0.242290606242217,0.295886123391275,0.162437657215226,0.190146973728063,0.0062145881425604,0.0577131258227755,-0.149076588728235,0.331849761895588,-0.0032045478671063,0.0529365549394081,0.282584304348616,-0.208555835285751,-0.3426827326472,-0.193626728660577
healthy,-0.332600887784644,-0.152695538955321,-0.129320640384202,-0.357029237252065,-0.357206267518907,-0.120297680365497,-0.375340997097224,0.187348091895649,-0.0235924352472234,0.222773048255085,-0.0581468997348478,0.200648650556146,0.329255708106517,0.130871132332492,-0.11018120972845,0.336187968896326,0.24288579005909,-0.255950944554687,0.3599133951113,0.297767710775751,0.203794912293655,0.216414130816015,0.164211155788962,0.108006959685463,0.179992270101528,-0.274205345700015,0.279174375550322,-0.312062859139342,-0.277339384450869,0.229593474808196,0.0670798319747734,0.0961284500935624,-0.171904673121346,-0.385326811722443,0.365946454223435,-0.079020106226811,-0.283956466799092,-0.25430118652375,0.276186626863994,0.1245054130653,0.261922279614613,0.0177189449924248,-0.0493690085681654,-0.0748611233458732,-0.337333620095612,-0.266602688608956,-0.12648906979313,0.183847201113448,-0.346216340631225,-0.351026288919346,0.0613080239744014,0.10702501935228,-0.300699217480299,0.214713937737156,-0.365277925886923,-0.0451239165736047,-0.340134328660579,-0.255341602274815,-0.274271699056138,-0.0043378202006242,0.281967734080126,0.150166416220069,0.242019237156399,-0.312194489741468,-0.282870488951595,-0.0234215367776728,0.290958674746748,0.301319300557413,0.262006419243676,-0.180469636611876,0.253689468680027,0.363269721665961,-0.33214616019476,0.125375133386459,-0.249052875641166,-0.22161582379601,0.236094621518883,0.242900348001666,-0.322212384630663,0.323719060623471,-0.126593696122416,-0.102479083515099,0.370367804934185,-0.280849980528121,-0.328606488840285,0.324116084346127
healthy,0.0196703859757043,-0.0321573973384792,0.0332097650921774,0.0080128704110398,0.0146973805853745,0.0697953841677952,0.013099600148148,-0.0558634901210724,0.0692154398878391,-0.0267597964707159,0.0274855022632315,-0.110460330050563,-0.0726094272975443,-0.156728656484079,-0.0428416511369908,-0.149973152644475,-0.0316384906919075,0.0234594695091107,0.0094263666502446,-0.203764898814789,-0.0568907400426956,0.0866626808178937,-0.0316664066244468,-0.0504920916204477,0.028547717595308,0.0385649172575481,-0.0463433111878188,0.0579748629830586,-0.046924925651773,0.16546256918686,-0.107607655781846,0.0280633642358653,-0.110367450467709,-0.0864183133773437,-0.0025014801243944,-0.0201250881465058,-0.108444938541713,-0.0903930259322508,-0.112347247535769,-0.0595364199491579,-0.0729237689404034,0.0678781647729103,0.088204586008639,0.0694729952747636,-0.0685445898788448,-0.0412394457967045,-0.207827328565647,-0.10896597087701,0.0502858347420357,-0.0235199431842619,-0.053189113416825,-0.0222610799544377,0.0523162145254657,-0.0120425255122734,-0.118470272216931,0.075216476065038,-0.0757771373115618,0.113367795030698,-0.0009067363853462,-0.0694036501027914,0.0215728340030218,-0.108804114864105,0.0348906426059836,-0.10739367701378,0.114972516492332,-0.0361137595601087,-0.0239766625902819,0.103796295898231,-0.16096977423203,0.0448099087519728,0.114051681151158,0.0250893521842223,0.0454164892130931,0.0642049746564095,0.056913667113942,-0.0502040607982337,-0.0619081462985328,-0.0254311759455953,-0.0761254682833168,0.121822787005801,0.0039354306949003,-0.0976376984669798,-0.0129905609928449,0.0414698010442316,0.0752297724649189,0.0282669531580206
healthy,-0.616377591032725,0.618537306430581,0.60890879382856,-0.604725145810855,-0.633015725906716,-0.656127607835519,0.624086012453797,0.614255498476566,0.643264891327791,0.643081012576805,-0.634285943890081,0.639035791289367,0.613003180648951,-0.662090952313551,-0.61637693218378,0.625210368125945,0.643653398293285,-0.651043595673972,0.623491311437989,0.659378308634288,0.670466804828765,0.612165783639986,0.656718655234451,0.646850039252654,-0.631607979623463,-0.657945132493059,0.604571847918689,-0.623610862573808,-0.651483544196048,0.648493978604412,0.644331773125096,0.621511461802089,-0.603002888999452,-0.639137057227846,0.641077230466895,-0.610806449919463,-0.634414599120412,0.608186002310088,0.655352861371677,0.660076688515881,0.651504670144683,-0.556567121241744,-0.637552979008796,0.609714044142903,-0.646866031313407,-0.626318098557835,0.638040758252975,0.603516243561765,-0.618802420400824,-0.652124073717686,0.641317581984586,0.634162405434672,-0.621571280152398,0.641195575139062,0.0434726930275452,-0.633204173817916,-0.604790637107274,-0.633600972012341,0.62729423033034,-0.652020899684211,0.638971874385232,0.638929186107491,-0.642911662728527,0.643390876936423,-0.642812373336883,-0.658103932201739,0.630452837736981,0.641852849691677,0.622355259057949,-0.662034753354199,-0.604262727972815,0.653390081912987,-0.672713128915196,0.664774161702288,-0.654954933721918,-0.628433097792236,0.642576779221963,0.643708707378738,-0.649290826455588,0.661571899135688,-0.678740039481691,0.603523627803836,0.66924411809071,-0.646091498761561,-0.607916165162993,0.608409968168954
moderate,-0.153987982814183,0.0896884123008543,-0.167794070035056,-0.0648468012019627,0.107194059353852,-0.0726929663530831,0.0213153752059283,-0.0647439255142172,-0.104185458803701,0.114600400848899,0.0125032547843939,0.219520079117101,-0.0731766874120488,-0.0044834116827988,-0.137338405919844,-0.132270521558216,0.0040023811098168,-0.125569724611265,-0.129920240446921,0.169509608860984,0.254404424766023,-0.0321731146022337,0.072772477294128,0.130426335020909,0.0953738339980061,0.108907332507372,-0.0347983208997057,-0.0014819621611841,-0.0403983550680061,-0.0228781935511492,0.208614760600242,0.153292917000971,-0.0356760565507591,0.0966067846011718,-0.0783567933601026,-0.0502543840512193,0.154875276770705,-0.195638546700817,-0.0207736670937875,0.174493663343541,0.088646981818371,-0.0549182707017148,0.0415214205594161,0.249001928910737,0.11280570509324,-0.0309131883369683,0.0144902494856251,0.0676941849998787,0.0419130278745711,0.0870673833368834,0.0128934460542943,-0.0013625895462227,-0.160369249149437,-0.0236750022159032,-0.0536123937679381,0.094335235606032,-0.128868260427291,-0.0928930643165017,0.114351672499931,-0.0434790323216148,-0.153278685746162,0.0136241254056593,0.0740852220473894,0.18699628090757,-0.0695141571633319,0.0275272117264715,0.0844353800221894,0.106761953144416,0.139581917218943,-0.07145229830328,0.0435106809330547,0.042461249794883,-0.0022411040221662,0.084249099268949,-0.133052320143271,0.0055413390924979,0.0004258756103159,-0.0665863419949555,-0.0553100196213953,0.0497244291146916,0.0497824869701295,-0.143284946361941,-0.129735800552512,-0.04656870146259,-0.0943954175293518,-0.0624062472056884
moderate,0.0243818716945724,0.0021589796685279,-0.0423989722168358,0.0292439956962206,0.0175808848410975,-0.0883032729308521,-0.0847031877267558,-0.0304656540737937,0.0568548947058286,0.166928102513906,-0.169613166061961,0.0232182727268198,-0.0414915846700445,-0.0795049620205064,0.0180980622598333,0.0969396603660581,0.0548425702939408,0.0866632787595664,0.05170053164483,0.0972059166676111,0.0650234585689399,-0.036101836573845,-0.0029422124912048,-0.0857699540456036,0.10324349259611,0.0119558186755678,0.0656600361349767,0.0909904124208961,-0.210293593141284,-0.0469070476605589,0.0473952288573198,0.0384796607075327,0.0470457339785962,-0.153736361730325,0.0724232542374264,-0.103162731756152,-0.158188051910993,0.0217284830033167,-0.008074208951419,-0.053902637334032,-0.0277498531911277,-0.112514850416458,0.097894928510337,0.0269045430063936,-0.0526312902804649,0.106679980178302,0.10232853790594,-0.0643097363199582,0.0058887107981288,-0.123371156462449,-0.108650718784539,0.0174558595606651,0.0280992811039807,-0.0728397819526325,-0.001223734319562,0.0481268979596255,0.0355797036806839,0.0340816101892249,0.0609459736732514,0.0192965504461746,0.0093482346398106,0.0223555514157266,0.0166447689358136,0.0162648715518323,-0.023386490993797,-0.031998034091006,-0.0162518801729336,0.0384022481611053,0.0484003865752045,0.001925670575316,-0.0564572513661351,-0.125759829067176,0.0481720329564179,0.0242804184005953,0.0433200877671027,-0.108350644718327,-0.0768099875236008,0.0222373566540966,0.0053788996251603,-0.0901899024036014,-0.116304917795481,0.0302476131990813,-0.0003959691929282,-0.0501344008288293,0.0731340299881012,-0.0394747735448256
severe,-0.44483331391559,0.171334674771336,-0.269139213209095,-0.194966404442282,-0.430368935732208,-0.295540729752012,-0.160302646295991,-0.0016530276527963,0.395533647000332,0.0663231481891615,0.231254802967427,0.470502699490205,0.332250785506114,-0.408029696023897,-0.136693751966159,0.431021263700799,0.462568215034459,-0.12874478420738,0.486052021903765,0.404485680049477,-0.310276814700287,0.408545494722567,0.198236541156354,0.331489108599625,-0.469026223301377,-0.417566371738794,-0.166556536545501,-0.0903713693776515,-0.462394801619481,0.385599887393955,-0.0898823165119147,-0.256696752406751,-0.469879482960709,-0.177562977852155,0.108378556593534,-0.431795589358603,-0.0273577042091338,-0.323059246902485,0.182296073005558,-0.352669008177847,0.152844565954666,0.0214632412632175,-0.334384417431211,-0.0596035714694735,0.0511566194747546,-0.391225395402555,-0.322201062920122,0.18380677806722,-0.494464889858681,0.235908771008594,0.110241399029598,0.0351897917124387,-0.398886435097044,0.262680625610056,-0.523762970452779,-0.363331374482121,0.0475211655805219,-0.340430327449173,-0.300166069130851,-0.121533209683672,0.312590329249051,0.231287149010866,-0.365174374793029,0.517875362936965,-0.237330596867312,-0.0188571157155173,0.442021863408563,0.394119304181514,-0.43136427659429,-0.410250034656483,0.33535735745127,0.483953777515744,-0.475845396868253,0.435572738234172,-0.0111702957416302,0.240646355985937,0.381886078830316,0.455500894208956,0.169196456466944,0.348997539136739,-0.353125811555497,0.29398720239105,0.415240546382453,-0.38207571354469,-0.374303973137355,-0.50633965345982
severe,-0.243499479458326,-0.214236265575657,-0.220387418257689,-0.318324797544035,-0.109042179663683,-0.337452340683424,0.307263143237498,0.207401265177405,-0.0947440977935132,-0.148149170820657,0.133744856305511,0.228199723163575,-0.224905338677513,0.123628246696736,-0.0037513143220952,0.0116337896069496,0.317050453631071,0.0216246738941134,0.34150855987686,0.337176764392384,-0.154581143437735,0.181311726118672,-0.0284099899511658,0.312655726276203,-0.326147980568545,-0.328798528622007,-0.0414958944021551,-0.265073679207716,-0.122123980393276,0.0374562122288722,-0.214492186343973,0.0085578387199334,0.0165970045098775,0.129543549390697,0.197102976331461,-0.0109235282553868,0.230683793662108,0.067374824616331,0.284203779030674,0.158244504588141,-0.261020073693979,0.205947977841537,-0.0045090045965507,0.0081218264637993,-0.171109101206646,-0.0885500921636392,-0.18215408821616,0.224964297103378,-0.257437630764295,-0.0595876305770887,-0.299245798823237,-0.226344197850056,-0.172772793829461,0.361245701059018,0.230919041119655,-0.133278733807857,-0.0314092321888134,-0.0347860819334261,-0.0005547596229096,-0.313427747006331,-0.210367807920745,0.133454615724321,0.0123218713214379,0.37510178607935,-0.0858250990214203,0.050787102333423,0.206532977982837,0.335722565118429,-0.2536244919252,0.127063655894301,0.225522395071075,0.333719452396093,-0.378506059105044,0.236148883921132,-0.0097772057938635,0.250431088297801,0.281917932931767,0.35916656364088,0.190125029637877,0.355547382633927,-0.0701141889257439,0.137721663604532,0.145059492008491,-0.247819786151351,-0.357898497444577,-0.0586100492311068
severe,-0.299198384788533,0.292047083317529,0.256666553388514,0.249204631315094,-0.250633345533899,-0.12276026052399,-0.228404295137937,0.451591522827606,-0.0321272124883287,0.0594013880081439,-0.0548966865115705,0.370110304124661,0.127823891701834,0.200439305020441,-0.475956968317106,-0.0563678006768581,0.2686975967667,-0.303123308011366,0.0960635207394349,0.335292217684635,0.195705737514395,0.154015111682457,-0.134040520319414,0.441269127016555,-0.144288657660656,-0.345062711429855,0.24995963146712,-0.263518009934108,-0.347315764939685,-0.376130628017637,0.381824167792687,0.141872563472635,-0.212808610955104,-0.181077287469854,-0.183987891530953,-0.304799394293633,-0.35926481947108,0.205055277094803,-0.0857483867976713,-0.126130002127121,0.450338967502479,-0.21282641424755,-0.425508293870899,0.157449038839933,-0.40536316570653,-0.253160944553557,0.330905814381289,0.0968096192452377,-0.0014205153341248,0.324724323840905,0.144510730308537,0.103291891726422,-0.336399769877864,0.523356126170365,-0.0876643490202648,0.0467889265792822,0.380712399030195,-0.143882929995962,0.296378202712753,-0.420288181122608,-0.232380519953477,0.0395664119384942,0.329001564851094,-0.203765943915544,-0.171703853996953,0.138458547892236,0.36208500154686,0.301583088960926,0.221855728817775,0.046800405017833,0.116826376300917,0.51172190881065,-0.360852826306507,0.299173085372951,-0.13431295754461,0.414474234869698,0.436315829401108,0.320155905297682,-0.152130305221644,-0.0616785696643161,-0.285356090657798,0.0814629469028031,0.247889061704863,-0.272895425722425,-0.452024658192513,-0.400793575894067
severe,-0.119486770671498,0.193888326517021,0.177664638970116,-0.219338953875049,-0.313231127006043,-0.227593650602048,0.28323078796612,0.266412785411981,0.154699592064034,0.391855351155984,-0.0762800239406802,-0.219146587366683,-0.368141710084162,-0.122999084509437,0.0254951133826663,0.328267047851741,0.0510242514645421,-0.305541291069053,0.322795571520071,0.159388449530754,0.0284021430566107,0.267213381506064,0.245057766959234,0.0743472178930539,-0.209595600382939,-0.296968793494812,0.191254560882547,-0.221533750106588,-0.308219238029366,-0.146721511063294,0.109868902301398,0.0855651612223921,0.0492634478888892,-0.142226746731467,0.383385892558901,0.0784140327618404,-0.142121016248252,-0.301806242409125,-0.155202294299069,0.102844985589383,0.227250661320764,0.301629872587701,-0.149339483143358,0.267587653197368,-0.163562975424949,0.240186445695111,0.109557550912065,0.272004617769212,-0.120199461162102,-0.370949407949668,-0.0358376062796601,-0.120062956100199,-0.185203496652255,0.319776768170067,0.245126781237182,-0.238928293571361,0.167597949269251,-0.103789602649075,-0.0567046496059843,-0.219700326650533,-0.0630579750447754,0.163786675126467,-0.0969259067221434,0.114876322362358,-0.0870160861195737,0.186734455767279,0.265664902210105,0.305180578474301,-0.330289282996841,-0.197074054025683,0.116684760516904,0.0934318748121372,-0.216277746608866,-0.315832899266632,-0.0124520242479763,0.303726047974665,0.113752440842652,0.296371025234523,0.0304807982626391,0.213190081330313,-0.213976356580849,0.199751188455865,0.177826992646791,-0.183283487954182,-0.253645042425221,-0.216852053061641
severe,-0.0735735225309513,-0.0713630682075623,-0.0483406593830351,0.0162660072783902,0.0582923167213865,0.190891702533222,-0.0725559401481746,0.0326629419196878,-0.0968595527173745,-0.0751876390304831,0.0609163601806764,-0.161616383445703,-0.0693086667380135,0.0260851669106508,0.0515741922903424,-0.0763375228264526,-0.0111292184329265,-0.103468734590077,0.140751429862128,0.0083673773593022,0.0012635373838606,0.0488384581721404,-0.0255496798851464,-0.0153577600397505,0.0536213309226684,-0.101008595700544,0.0467850381670812,-0.0390094838949841,-0.0455195378542414,-0.0176045285492533,0.0384759597984589,-0.104341256521297,-0.111658663169667,-0.0431012093519634,-0.0714317707218316,-0.0835722901648016,0.0561193543414987,-0.0484918049144275,0.0284104525793184,0.0060269771374953,0.0908137314616796,-0.0950389360892391,0.0411180622043567,-0.0169777653262197,-0.162648491502925,0.0080582160450905,0.0827806409075218,0.0354387197890638,-0.0247621527787228,-0.0851328187032034,0.091291115789402,-0.0387032669742412,-0.0969048963767922,-0.0332192359923709,0.0331815477559717,-0.123344568261072,-0.0582870168131429,-0.156081512603273,0.0773682568333894,-0.0196102493801199,0.256858875270077,0.0348945958760513,-0.0845535583614646,-0.142460355831352,-0.173196682958031,0.0450513792927209,-0.0715299171707877,-0.0714871253190428,0.0572313536081712,-0.175091694594475,0.101107527321092,0.092178359687965,-0.0082829714131999,-0.164860516169497,0.146886956972169,-0.126674284688357,-0.0277416826761317,0.0100631517043655,-0.0293764099299442,0.0074767964814746,0.0902955182111914,0.0350106049787174,-0.0050133206126769,0.0345524573549903,0.113959412226096,0.0357504329109483
severe,-0.283818004028916,0.0865785250139543,0.0778482172534283,-0.336433058305111,-0.239778239173444,-0.0342521490326809,0.0116030105007239,0.279394233626352,-0.114615282072659,0.030874837449205,0.133162012267167,0.236524078403577,-0.0394644791602736,-0.0655608541784348,-0.0367226135313577,0.151846211555464,0.315461131143798,0.114031497561311,0.298658680368659,0.137817834037103,-0.200508434207342,0.173777701559955,-0.19222080277654,0.156365142404446,-0.193123976763336,-0.252734616237527,0.190009665798925,-0.172101034351978,-0.011748846095519,-0.350581049579744,-0.0248482699207281,-0.337229950520979,-0.147258886261255,-0.0391005703766197,0.187742548086927,-0.275507789847427,-0.0918578891801061,0.240567581132307,0.0810614978029263,-0.0880898347914526,0.204283290629335,0.130327570964503,-0.190484515746343,0.0520929982174011,0.210405324695729,-0.164630089054062,-0.023376956099265,0.216214669289515,-0.26741190773646,-0.127848841995319,0.0194846625716687,-0.157391093093017,-0.132851703506227,-0.0573217892656751,-0.0894395622669752,0.0627765778716482,-0.0454162923423513,-0.198227746438833,-0.251405771004356,-0.164760484033177,0.0896278765599745,0.245354852196525,-0.208326283205564,0.253873718750698,0.130605502046748,0.0710354026912586,0.150039217388705,0.177519874211753,0.230280594031909,-0.238991345946584,0.0061768244449426,0.304862440865626,-0.26182828861904,0.138459571872502,0.186260725123955,0.125260600289372,0.118287427791228,0.266618484557594,0.272945769980003,-0.0431231228426641,-0.106806819880445,0.117693304189204,0.160205400376996,-0.142352001440765,-0.110931436856746,0.0196929748426856
severe,-0.225622897879174,-0.0998761153094955,-0.0306986531892678,0.0626566708162243,-0.149424839691798,0.164439426585518,0.25362016332757,0.218959843081972,-0.103715118369464,0.143881348971544,-0.184188154061708,0.114706002456542,0.0808797692361177,0.297420956995682,0.0327269372048379,0.229994817240031,0.263219905390506,-0.0871416501312775,0.320922794584302,0.170381135448866,-0.233379126048426,0.122544851125925,-0.108783048587474,0.232942060787724,-0.2613153761871,-0.210256083044095,-0.0624528993868123,-0.279880850018525,-0.365323396193315,0.0845975861791989,-0.0740476731771482,-0.0823144735171426,0.110485108302909,-0.250122163362478,0.275467374094357,0.284292918438432,-0.313230502296114,0.266106872568214,-0.129416990681125,0.203303750933614,-0.114366230927894,-0.282906385990746,-0.0153647739539003,0.074646812553525,-0.196639710883429,0.0416112096642109,-0.0662893689391108,-0.0866115488389115,0.0798206926547945,0.204378521187449,0.0193219721842013,0.0028458680532816,-0.211022398739093,0.0396546028031413,0.103138006434775,-0.234723644493916,0.296392001005548,0.201797721374154,-0.0481371735463742,0.0599587314607924,0.168110479199521,0.244064687273648,-0.116147990572118,0.202154136640691,0.0642738580247109,0.113812976190431,0.395126700734441,0.228331499079384,-0.0672561484285072,0.26235735159165,-0.0902850645853722,0.343230751870986,-0.134588548400364,-0.061922516593594,0.0204075802208477,0.0985925769861211,0.169402744049315,0.269327664569067,0.192810736291322,0.236279288578583,-0.129994806367945,-0.112067917219817,0.201500280536161,0.247626939808262,-0.239842174490115,0.1986200341913
severe,-0.146460471546753,-0.107272392724642,0.135509105663955,-0.19299538475331,-0.441821310890541,-0.355384797342096,0.268364652671216,0.192003109684183,-0.083053963279706,0.209918060307137,-0.0893870687878236,0.252618579795328,0.129422208133719,0.0993733052350962,0.251367983374185,0.0801177105784612,0.100521156892499,0.246019563833327,0.386403208004245,0.290075759614667,-0.0151344204542516,0.0182541250987076,-0.384474700464395,0.0106374397651788,-0.261843279059087,-0.247957265861978,0.149903588686162,-0.093371493212332,-0.177073886868877,0.138245852552655,0.382173013434655,0.328399994322326,0.0038651879586345,-0.367715628433511,0.193356888701865,0.200280484712952,-0.0994566394113679,-0.0847870514464778,0.207371770686449,-0.225090426270724,0.073319334748182,-0.0176877153997399,-0.355927564069863,0.257078344696398,-0.138771397856953,0.203216883358464,0.0146147129206201,-0.029814662350609,-0.228562586319201,-0.107273998111576,-0.289617786505839,-0.277196324024819,-0.321018571146678,0.167916613856322,0.133951442505728,-0.27188833104583,-0.293173280730588,-0.335021339757128,0.133825054770787,-0.35857922545109,0.020678697200988,0.0899003547737214,0.20134689946955,0.294129507565846,-0.0891396932558086,0.0699232116626426,0.411717532947648,0.383667044892612,0.0410618572619581,-0.0730897644167014,0.189049343670937,0.406343719104388,-0.0911655456215315,-0.0010754633011319,-0.244515900053769,0.113427738115949,0.0138327435397726,0.33259487037938,0.0735360619841951,0.23431483364595,-0.457006082116796,0.0596631837710867,0.401236837324878,-0.262785057411945,-0.156241802243613,0.142659061232656
severe,-0.0198282014357105,-0.115721453261302,-0.0716724148309623,0.112669821566775,-0.0809337341913764,-0.0422784555688335,-0.0071943012796812,0.0241029308944647,-0.0440591590715402,-0.015820024207034,-0.0534236131853102,-0.042226592009007,0.0200039325692853,-0.0041701452985014,0.0327089166809454,0.0662568256949471,-0.104328207598258,0.138692220919886,0.116580081906924,-0.158815156097162,-0.0634884333151179,-0.177380495605521,-0.110024452323633,-0.069482386217081,-0.000481581195861,-0.0488591787967455,-0.0203147610291734,-0.0882875206438507,0.0018115821713761,-0.0294049621510058,-0.0956937630224485,0.112453822128548,-0.0714356951758809,-0.0677087028851698,0.0446166513781752,0.0269677025311572,0.0460449599519032,-0.168492039320175,0.0851608978968413,-0.167843070533049,-0.108020590572983,-0.0084540249260123,0.0070235737507847,0.0921351287954462,-0.0932419589194797,0.0700825793112475,-0.18858831801409,-0.0450952203283987,-0.0536974124498714,0.0486403561659541,-0.0655850571071587,-0.0478161981973974,0.0597167614813729,0.0217594542026036,-0.109538245629241,0.0077835418991237,-0.235891325341739,0.0140543693289768,0.0876517855718689,-0.0360550426498108,0.0857142436393978,-0.0699070498342844,0.0089385553498198,0.049013862021472,-0.0209116645998611,0.0539607759847762,0.0372521519182032,-0.0143905056936356,-0.190319300558469,0.167385524284598,-0.0265156388218365,0.0470482141987427,0.0157974260629832,-0.0097724432498919,0.0652435768422893,0.0846259785271806,-0.095079088462853,0.015367292510187,-0.0222180591482669,0.0564206211451373,-0.136088897080287,0.128910022531402,-0.0886225100865304,0.0604962020962809,-0.0322529584783109,-0.0007580524105275
