group,CD101,CD11a,CD11b,CD11c,CD123,CD124,CD137,CD141,CD169,CD195,CD2,CD224,CD226,CD26,CD303,CD305,CD319,CD32,CD36,CD366,CD4,CD41,CD45RA,CD49d,CD49f,CD5,CD52,CD54,CD58,CD85j,CD95,CD99,CLEC12A,CX3CR1,FCERIA,ITGB7,Mac,Podoplanin,TCR
healthy,-0.700328818213025,-0.277814087322913,-0.186833932298688,-0.714447839725387,0.878563565627143,0.110308801436946,-0.107449959499376,0.166001303182762,-0.230715253975148,-0.103169424984251,-0.335255429850153,-0.263831262630857,-0.220306842307504,0.0271793400875146,0.845503339653611,0.727078514541088,0.323308677809608,-0.706204489975499,-0.124655293839141,-0.647188413272718,0.400903887339395,-0.466535941673087,0.831592193977842,-0.0086863474073247,-0.0379543619905495,-0.101805229483825,-0.0386933024989082,0.29263780067975,-0.515721978288618,0.140114100447476,-0.509317883375477,0.261458445412595,-0.626601557067295,-0.356973920320837,-0.668892826803619,-0.354690140889154,-0.214493722145386,-0.398100338641447,-0.0024547048677342
healthy,-0.688044097820275,-0.252808307339066,-0.539703565925292,-0.718290682249696,0.52715164413878,-0.47730919335735,-0.450156683961969,0.247778845282147,-0.464435540370448,-0.216695408017243,-0.398913065093424,-0.642891130865403,-0.64770788921544,-0.290647301712963,0.484973517942969,0.434727836930036,-0.253234239884961,-0.74464168486836,0.0113411061093475,-0.63434387929058,0.133366165968694,-0.522593835903357,0.373280444110038,0.0048977375786298,-0.718086218271819,-0.490735178358283,-0.188948767298493,0.198239799221041,-0.576477680291128,-0.326015895612976,-0.70536762193359,0.195608374694733,-0.670471802984699,-0.761721314944243,-0.456898096596141,-0.564430124603951,-0.617916504823955,-0.650802283035677,-0.534170845013381
healthy,-0.541069948082823,-0.134167483201446,-0.254529959322044,-0.658437946464443,0.862281561631805,0.0477307773605779,0.0428414040482505,-0.0178138910136048,0.097381718205293,-0.129863003718055,-0.170528255581851,-0.231223104793843,-0.228354508297752,0.489677206987905,0.748655321995741,0.673794179687929,0.290974178523599,-0.701070671608741,0.304620083323534,-0.572701931587743,0.508210135303815,-0.0665042406620301,0.72519085291653,0.0692493190313159,-0.140012155762099,-0.136690209887771,-0.252401631588633,0.0566909614822765,-0.377651720543303,0.098786890264083,-0.306111527985908,0.427062610992223,-0.52010716477577,-0.403352333198643,-0.664007963232928,-0.28121057379095,-0.146523819160805,-0.129852817728504,-0.0438037784652061
healthy,-0.705268048889086,-0.341553988393174,-0.144575625919497,-0.773063288519772,0.829546145778158,0.212012626194566,-0.0809785647137379,0.0319946651997458,-0.165123928624525,0.342392020440001,-0.204236772131055,-0.245868715949556,-0.244459115190382,0.272370326983991,0.861296711946232,0.813214607625358,0.435165447462932,-0.683879309720978,0.214085296424145,-0.712094453650115,0.246252683104565,-0.0744118139932047,0.804828077120216,-0.0300175182171815,-0.112580402391962,-0.279936550597889,-0.375321584894086,0.153540662502384,-0.44963927654071,0.0630036558442853,-0.584073066141852,0.387770835293247,-0.666609099504369,-0.340346459745474,-0.508617168013373,-0.42874448183004,0.0418054232809703,-0.225723878751787,-0.162871553713438
healthy,-0.711309756188228,-0.185339332749693,-0.120269181747619,-0.687234747292496,0.882876665931983,0.0656274774577281,-0.154820305831187,0.243501422137885,-0.225141061143216,0.172916945156035,-0.342367711815469,-0.368309450448507,-0.350914476902421,0.247164899993719,0.743835522588664,0.73952068821866,0.362680327228056,-0.173665548206975,0.256105970701614,-0.653954859666623,0.543034388528177,-0.24118520561717,0.803770093244427,0.122427086864905,-0.0537701572461541,-0.170185852654108,0.0360576578214415,0.0828743860103391,-0.439147998643754,0.0042200167714783,-0.598161250487891,0.527911252365178,-0.640569736135485,-0.481350976626072,-0.540029278767002,-0.162144680558197,-0.0838283761881841,-0.262749530980196,0.0202422644922299
healthy,-0.693042497991588,-0.311254404171485,-0.208329792969837,-0.813554437265457,0.801790951409546,0.0565154246265448,-0.187372903178253,0.243219090314549,-0.0514298705648933,0.0182466918717879,-0.490746123837084,-0.491515480372696,-0.42748353133971,0.158607421921483,0.589525080182134,0.539703724109068,0.445770642894131,-0.748728472026882,-0.188001824078419,-0.666711163545694,0.234672899516775,-0.119963904508203,0.630006392516888,-0.248308195851522,-0.222503262328177,-0.449115836974629,-0.553405552468378,0.120626281442699,-0.601047034488168,-0.254984643925562,-0.700478971758865,0.124213473391053,-0.587698355461111,-0.446824152001659,-0.708157966326611,-0.648439544995248,-0.23684512341303,-0.421933860557893,-0.120340168219785
healthy,-0.547950187018931,0.0212792172873568,-0.0165736555924181,-0.550977815274678,0.87542787232475,0.391862077661803,0.0712845047365364,0.314500309860991,0.0602196252307522,0.381350400943205,-0.300661034596063,-0.272730492908386,-0.143631329203819,0.254872497860097,0.77837787587227,0.781383240362339,0.257959130916224,-0.515935390593001,0.188688046389635,-0.559871733696884,0.635879914239745,-0.0633545411507148,0.706489174717195,0.0884317525581177,0.0726737558115832,-0.240171954476644,-0.164520609940087,0.126556951067408,-0.318263958230057,0.162777807788384,-0.438898690735259,0.532212614537554,-0.5050721129175,-0.201276756686663,-0.201492933437978,-0.215908801704603,0.0595003554328243,-0.100250012116012,-0.0441014731889617
healthy,-0.772402509855584,-0.353509462067675,-0.342077578324191,-0.765177667717991,0.82774741792721,-0.0876063166623791,-0.121379685873086,0.173366398874267,-0.356019083967714,0.15443866599772,-0.2976620672051,-0.564322279766134,-0.280913251268884,0.052283976139457,0.860592254702358,0.632899675171368,0.388668744288484,-0.628194045528894,-0.29473284178181,-0.684174525365706,0.316136233194923,-0.370227263566686,0.734701766622641,-0.215712398813765,-0.451446159401982,-0.180933344862208,-0.287609038430088,-0.0530178885656165,-0.484372211134867,-0.196613096471636,-0.703646034496411,0.161330905413408,-0.76700942426228,-0.464860924077195,-0.465701336820974,-0.253458458427275,-0.109076035692858,-0.181218034277605,-0.0750872427004269
healthy,-0.799583107927167,-0.375933318338844,-0.182114949203514,-0.736605008162944,0.768498101625912,-0.0250096455755364,-0.047204795104257,0.310721858077395,-0.280846020457442,-0.02409227925088,-0.38744635524441,-0.561974397498409,-0.349115688775558,0.0865990338959722,0.760330915402503,0.692457331685714,0.418674582577601,-0.746436330616615,0.124557178646601,-0.707670124109427,0.719438640010314,-0.364295669363389,0.751758236614334,0.143816577767219,-0.502198354106076,-0.249339958736642,-0.363521764586205,0.235326610618826,-0.53832668774248,-0.119491920740781,-0.740876164125652,-0.0643363244779946,-0.798686294733843,-0.437807955543347,-0.738964917300092,-0.589102012535028,-0.141503604621571,-0.281196525710787,-0.142688956001195
healthy,-0.690689571142096,-0.132020771329278,-0.272366725204114,-0.758728668386649,0.624472836546449,-0.106130405743094,0.143197797565201,0.48686959560507,-0.126162538970833,-0.299996897016433,-0.0396354693594318,0.0070473129180847,-0.46248874177009,0.0020479048809562,0.677444702351732,0.516969580901261,0.0633856782172541,-0.629129437444043,0.0954917180248147,-0.626554008338548,0.258484790450631,-0.186656141273386,0.622695482609796,-0.0947485989519624,-0.279890378309691,-0.613256924220742,-0.440560188269823,-0.131072412834825,-0.544203526816182,-0.407184116865829,-0.634974552840095,0.416437526134089,-0.537318988339232,-0.497569342120945,-0.207211531336568,-0.719999663835319,-0.13810861166899,-0.165825975967436,-0.0374870040096544
mild,0.0056356087722131,0.291593649600391,0.0488689483781184,-0.0926481257348415,0.262528824688643,-0.14472726448059,-0.18040769595251,0.143953085250895,-0.204214356874275,0.234753943987952,0.416021436514741,-0.0749699987498616,-0.0895301959730286,-0.0318987711270611,0.0932453102021357,0.211339915867523,-0.220171661895613,0.066193769106098,0.495276820057183,0.107351299967171,0.410799745773107,0.149743617693749,0.252955704676602,0.402900012487059,-0.0509510449847991,0.0092855353987554,0.162801844703353,0.431379336453103,-0.158308533471603,0.117713167827835,-0.022677155378062,0.448795804944588,0.0695927324296492,-0.234868293452604,0.144845663540493,-0.109841234555259,-0.247145569242208,-0.0528527775117571,-0.234606496005898
mild,-0.26852767930041,0.0784056056612115,0.341791732677532,-0.370916637282014,0.784744336408718,0.234402860651034,0.057385140248589,0.36914438962703,0.0494859530543966,0.219739958834662,-0.235695810704198,-0.101915337011406,0.293528833534232,0.0105653255546488,0.804884191333547,0.534405917303437,0.499773068073075,-0.397434139231017,0.114896300453808,-0.133387954938159,0.600006126442844,-0.237797937231874,0.703229154060332,0.388470079391408,-0.0184218079753046,0.263641299773839,0.0484802457483352,0.149379192993172,0.040337060265838,0.0607834159944744,-0.192097981597318,0.394115280118583,-0.263525686310813,0.0811766796776926,-0.219859907824941,-0.0565458725003489,0.228374689283539,0.212224017967661,0.348148792858905
mild,-0.532578468669488,-0.12137418347239,0.299997643505414,-0.608046693477551,0.757288892831595,0.295263968334476,0.186427643569321,0.129251277826216,0.0230224996137787,0.0242952371696033,-0.415199595491599,-0.462041786954749,-0.0311749821612418,0.352735037998335,0.801797772032075,0.712799159174613,0.53709629517999,-0.598763661753932,0.538951512415453,-0.572318260571818,0.628327471945539,0.242394689085146,0.778960765831494,0.303912391994799,-0.116529047330267,-0.0480728665264067,0.312561549136084,0.289028741480842,-0.311908589445048,-0.0183330754982008,-0.335668616066157,0.614176036533865,-0.603199025962956,-0.292863964950236,-0.320271084856746,-0.409240237298705,0.0655233770192061,0.0582991122719622,0.0950736823613953
mild,0.342879795434488,0.565230848783411,0.450027410276745,0.455572709156494,0.112656826055608,0.238322731489033,-0.0671314877855924,0.411197802599251,0.389093653143475,0.33072115507089,0.440796929890719,0.302030690125291,0.284346960888111,0.109961949914931,0.0733524182007144,0.122975560194649,-0.0109159074166458,0.500817053971309,0.0552776709473322,0.351707463196177,0.40243136702716,0.200860501832213,0.0892274739346834,0.649905341071282,0.0510212755180103,0.441047287027836,0.477916450274284,0.499390457528184,0.265764857156356,0.239295734366582,0.431407770045098,0.100920237830044,0.293433507678629,0.357124280178614,0.649705799089825,0.389302591045085,0.116257316982925,0.244833441425841,0.0560454380435702
mild,-0.176707799769268,-0.0529004553264042,0.0662472592421405,-0.0208691537004781,0.662067575401275,-0.0272829806716308,0.142618638022145,0.458237496129657,-0.0177956143952005,-0.0827003460580774,-0.242900340437099,-0.109768612372273,-0.0578868203889881,-0.0436551966767873,0.761701646753345,0.435982518683353,0.496620689338073,-0.134126681402818,-0.302885828829509,-0.133484907086714,0.289006979483833,-0.206719583801417,0.522403489625714,-0.0203354598015867,-0.245558612680299,0.156413584060077,0.139264584962629,0.597034552171653,0.0146386167903903,-0.0738189432029111,-0.232834934757836,-0.0249555144284691,-0.312151750859913,0.0074121020224469,-0.382203658815663,-0.203534233637634,0.0711630291921418,0.0935312369909711,0.0398908584839694
mild,-0.51678078653351,-0.220418405613759,-0.0061939723306183,-0.487085623261798,0.529739333073945,0.0555977834801349,-0.113847590676998,0.513161810131552,-0.183691005560644,0.115818309466088,-0.302386715278705,-0.431374937900131,-0.0397539544518202,-0.0327901392154658,0.512043905151921,0.503622487248826,0.252112783109555,-0.412710125388069,0.0875558128217361,-0.364199521569275,0.170804291993285,0.121877964253013,0.538459592096643,0.110854508090419,-0.148999420903757,-0.135039016329746,-0.0988437683791638,0.243355519431545,-0.295594193540284,0.180806901763792,-0.539437944574815,0.116314495197528,-0.56162452757511,-0.234976985125662,-0.21995930970494,-0.115088855908793,0.0625482639646249,0.17398401927408,0.0984056986519606
mild,-0.557416874037421,-0.245077540820736,-0.0648167022644194,-0.125221441945708,0.0563511777026722,0.27145704074994,-0.0310598109427756,-0.488644091138801,0.0321913728491241,-0.133895616230186,-0.418343381018046,-0.326980106508754,0.0421886124901922,0.0802917197489096,0.247297424754179,-0.141779352591699,0.159475121717763,-0.193258721389467,-0.469204959758053,-0.30931414299549,-0.110374169729404,0.115066933160774,0.0866877491674371,-0.1040000133312,-0.0765329928103797,0.210254462349256,0.0181828598556589,0.110132605078862,-0.439110909169719,-0.484727091588809,-0.573960725986398,-0.143023591536985,-0.580292525668519,-0.22477981275346,-0.225530441586938,-0.152800777695252,-0.147833346778197,-0.27901108639141,-0.0418809499232608
mild,-0.519462470068491,-0.271602873859158,0.204415785150221,-0.698726555272611,0.864771171659295,0.541198546002382,0.211724011648954,0.532297505058265,-0.386331825375713,0.0873067590223575,-0.570181446167667,0.178642178505665,-0.454590268711112,0.421097269372941,0.858152816610886,0.796220673099377,0.755448539253356,-0.384528293847291,0.509607838354047,-0.534414678564071,0.626959054387375,0.0721842336665494,0.844071303750015,0.358932812631836,-0.135620564276768,-0.305219131428952,-0.33234340102483,0.716647225004162,-0.309034227263437,0.371931890080599,-0.568889403560928,-0.0701930772381689,-0.577939134360814,-0.184051011981338,-0.504992239676223,-0.273446678348521,0.115942861657259,-0.127063885307192,-0.0483227718713698
mild,-0.744994993938774,-0.529194715085588,0.0341434575030189,-0.786945238077404,0.778363865644754,0.212760762206809,-0.17756459234239,0.393176758657063,-0.00128330300364,0.244364544644355,-0.615560834901592,-0.660232941247347,-0.294034850878731,-0.0576985326093883,0.795136934528478,0.756954543940217,0.540295246730159,-0.672123479017741,0.121408931545527,-0.724726980433088,0.323763292824691,-0.21648128562433,0.855701518750037,0.0285955846815558,-0.181572822155899,-0.320314735304383,-0.485649241021634,0.43812120448495,-0.480067198665387,-0.0300181105951465,-0.677675197821885,0.0201385584339103,-0.730696890189391,-0.460615014359378,-0.57467448483282,-0.475689835729972,-0.0193035112623421,-0.21548815547186,0.157432709797733
mild,-0.557456738175797,-0.131182307239094,0.0589939505827926,-0.461242155314034,0.80492997366925,0.197395731119123,0.0121500640117702,0.211339406419193,-0.365481617223683,0.0615504481790438,-0.417099399560452,-0.317987795524122,-0.15147918854437,0.439338156334271,0.721847072102396,0.589362599582951,0.628257537734217,-0.524751983896225,-0.0494878420215547,-0.351587622588053,0.379969597165469,-0.125710081494854,0.75966888372115,0.256655923468575,-0.266954035377048,-0.0524191306104752,-0.224391723173367,0.37907984271838,-0.334080859097638,0.153032452466823,-0.446494100565203,0.135900783429011,-0.52257092402682,-0.369556495423517,-0.379689113283494,0.0445206754330446,0.0736821227738109,-0.170079246755272,-0.0333710264510643
mild,-0.685471611178843,-0.445877560024215,0.0977778234161106,-0.618333696779248,0.74478047333332,0.293538217912795,-0.028515390258012,0.0502797915082363,-0.277331072019197,-0.343177288480503,-0.447136473161087,-0.406281109641309,-0.313880413904366,0.416859307538504,0.72070502199923,0.754883351899327,0.619729240609696,-0.615795190395515,0.525890409167637,-0.601404216714262,0.655801462649311,0.354153877262334,0.664820139643905,0.153182250903993,-0.0684577231499387,-0.265069630929361,-0.249113784369023,0.508046902838846,-0.404099478002762,0.114821225859415,-0.5704718309528,0.395209647194867,-0.598686796300211,-0.41720183200033,-0.592679234404051,-0.345284261956643,-0.218432903260823,0.0316908360479094,-0.149884530440511
mild,0.772214394957611,0.539419975738058,0.107656308257007,0.684061118938459,-0.356689043006025,-0.378109012354595,0.133037862326849,0.300485399314706,0.482841529691197,0.355953218788925,0.538030834687874,0.635261290349975,0.528024454475063,-0.213805469878775,-0.313913139059386,-0.545972152481987,-0.226036524160571,0.497698486374482,-0.192164216744261,0.773001393030959,-0.230081136299698,-0.129282825541198,-0.397389241043181,0.112560668226304,0.375810319568109,0.733389953321824,0.315270215600613,-0.286979780040604,0.623986059574536,-0.114612033872432,0.631729927878392,-0.196255443934358,0.64460600208345,0.521026942537661,0.231959259599177,0.509678605111968,0.435913679992483,0.263083553867534,0.234180683102647
mild,-0.533791311902033,-0.287421134526342,0.199541005866198,-0.597780112376277,0.898009815942163,0.336951281641007,0.41431938952192,0.321585680486891,-0.0492595403829781,0.029643763557866,-0.523720014430016,-0.172409659028471,-0.0212520253647957,0.393191030279429,0.772068835698787,0.804667487311428,0.600836455288926,-0.430848760705757,0.385436004040734,-0.604966636052443,0.282753299906322,0.165617283928577,0.848764067270049,0.308486262147409,0.0345511074327407,-0.0383946278000313,-0.0870499331039825,0.336830724770691,-0.0113541700148217,0.253691670493713,-0.294907558341629,0.499773478283291,-0.427840779168603,-0.174949937388439,-0.0248570782168452,-0.117052589459318,0.3821341025074,-0.191499197363384,0.183530792815033
mild,-0.512453985082762,-0.169007408746274,0.285946938952346,-0.546405644687249,0.827207106067564,0.211438721847192,0.0367620764315123,0.279927597062677,-0.0269799892744391,0.122098385723484,-0.288207124890136,-0.392529606506349,-0.157427075370844,0.193728656697701,0.862725792299054,0.749247508167971,0.580251400597801,-0.597500627760948,0.0631869382808033,-0.499047266205268,0.679339259498293,-0.0186265287077985,0.833134634482318,0.215206525510109,-0.0824754860541264,-0.100225958582626,0.228818516433022,0.444668266985136,-0.269111298915594,0.264018443373943,-0.414846467885784,0.475365898482925,-0.572754522064368,-0.321590802984836,-0.440123529142567,-0.287420722525733,0.0996507125766442,-0.119313071641191,0.13955984303226
mild,-0.778416444477867,-0.323495269546018,0.112210882475821,-0.774793851553739,0.728524963271921,0.0769257782494865,-0.0833002241649284,0.0089571490330712,-0.349023547443373,0.0506971107008376,-0.575717299472874,-0.435114675738312,-0.477525781373316,0.301365937956592,0.770048246232402,0.576619842315335,0.488778008253835,-0.783769059067737,0.0288739983121511,-0.676327542844109,0.586818817468261,-0.415230044076056,0.756779001561426,-0.0271876660639904,-0.210918465216445,-0.271851440877694,0.0226896650534856,0.0225743513684881,-0.437643100970375,-0.159769041106146,-0.696501181670076,0.416552196189349,-0.811192480420022,-0.625576484149438,-0.603545110596795,-0.36774769687059,-0.215969790226062,-0.491564888742231,-0.0673090091031651
mild,-0.708782134478972,-0.272134149049831,-0.0170635031085815,-0.616593792626577,0.758903273010493,0.231997362952581,-0.0351187363022904,0.304516707600106,-0.0589311062030593,-0.0818752444846517,-0.351656141850424,-0.208459096591048,-0.0550977966180888,0.446786712779428,0.757950451141203,0.651799923146625,0.48283600903836,-0.782577507741452,-0.0622618265469064,-0.510667748098065,0.312605029885881,-0.316441706751647,0.776891893434986,0.0476223836572326,0.023708532414932,-0.127835751569185,-0.259740233141233,0.38572516123649,-0.440961859235724,0.139648705188704,-0.524238113910787,0.171157065739511,-0.625213264234594,-0.395845099642117,-0.384287591034084,-0.268017103733115,0.156862054808516,-0.190281967794876,-0.0123634654244503
mild,-0.543204418317847,-0.296457404860368,0.13337209052867,-0.549510304723994,0.847258861064739,0.225522658358344,-0.0462103616345575,0.117532877627092,-0.133636162469655,-0.0109398959064077,-0.327958123083842,-0.205624968847743,-0.185742699707874,0.274343682213544,0.705284852474119,0.655338122934221,0.341181450181657,-0.395318929823827,0.15456512514256,-0.59536571712379,0.233642811367408,-0.197547960884372,0.713550545249371,-0.0008205689968544,-0.210581769332823,-0.230987587574372,-0.0911575048059668,0.166977151571121,-0.352852722713039,-0.0794169744250248,-0.523186664208778,0.387922975993449,-0.486199181974947,-0.261346768646215,-0.183173502194527,-0.350588129167756,-0.0867214659203,-0.110873524525951,0.082071373232758
mild,-0.734098900715649,-0.45046813343567,-0.335605138472689,-0.815423265315287,0.767717911960948,-0.0996168888227777,-0.412066256079452,-0.0617257982384984,-0.450338977733364,-0.505337873357293,-0.496400284445546,-0.476237796065301,-0.468628373519781,0.0901911278907655,0.739891933745769,0.696332151245505,0.233403757058216,-0.73557615381273,-0.0728749840949657,-0.755827623607302,0.372397334517316,-0.332968558274971,0.645406914033923,-0.387953590978168,-0.394452886410553,-0.584781788332904,-0.534291613112624,-0.240805582653419,-0.667500709057584,-0.337776607289184,-0.726798889176185,0.186373511451899,-0.675482771999428,-0.561328663498286,-0.641928008927898,-0.68145847843086,-0.427698796100648,-0.585049171871282,-0.24836015067697
mild,0.0401827886800913,-0.189471582375085,0.137391903400538,-0.0738444455241762,-0.0331078470904814,0.178168945784781,-0.050312266505304,0.17321611268984,-0.244833622677653,0.0165342729067182,0.249007617019631,-0.0773887457060451,0.0460189057945144,0.117973377595847,0.047397696670662,-0.0968241414440878,0.0246029698889327,0.116292349493937,-0.0638984781275504,0.158304412732164,0.0593678043281048,0.0201516271053101,0.160559160659011,0.034073744513324,0.008644629102689,0.260386573510173,0.341308772676298,0.0298315844829218,0.0796946074757529,-0.0669156008531712,-0.0006800409776494,0.215499675464197,-0.338556816063102,-0.0459379889547384,0.309856263221665,0.0881130811489897,0.0643015735675819,0.135677415589636,0.352306059118851
mild,-0.452830987419729,-0.447034523436851,0.315673095335465,-0.562711494805049,0.773459496767853,0.663389874898025,0.129722025856606,0.433745670112237,0.0539069684561468,0.232338698239628,-0.364794621592975,-0.305986478519792,-0.274229521022851,0.0820385025514715,0.666555746830866,0.680376482352338,0.695181375487201,-0.329339861458598,0.258054394510279,-0.420964892970313,0.544643210640771,-0.256720362392503,0.75699745958426,0.20770953727583,-0.250270633062345,-0.122922599170367,-0.068191459673465,0.363286269085894,-0.177024987413959,0.208606411367602,-0.389839307798554,0.313732252656401,-0.347202898746259,-0.148516384021919,-0.528992425821834,-0.34379181354951,0.17633830870654,-0.0475772822304747,0.167882145908158
mild,-0.634133036404976,-0.348345071949313,-0.102962077892953,-0.681087863750187,0.74150701642454,0.222860237518378,-0.211017037617748,0.145611067561158,-0.145665082914684,0.0174071298683138,-0.308562606564786,-0.333658659012327,-0.167814112091736,0.062727456638813,0.520273502109037,0.458659646929228,0.250906022636976,-0.650747522695679,0.181815994811877,-0.536893819415936,0.166435244443393,0.0757252247446354,0.469000579236871,-0.13378611482633,0.0011404959495009,-0.25781559426961,-0.0781944924307497,0.0895209213636754,-0.373059691902466,0.042831745894872,-0.369632466276999,0.10102828183662,-0.623370383373584,-0.272678505618302,-0.629815043483425,-0.497618708577607,-0.14747433048201,-0.0203800526425432,-0.0228718030189583
mild,-0.629644224946622,0.0089090120011111,0.208500371044066,-0.692551703004202,0.816619338808772,0.269717387941456,0.0201813444402154,0.367753240010323,-0.174896164003548,0.0476471800202541,-0.308240917731035,-0.36879931584931,-0.0916764697813785,0.258226494582079,0.775667120175968,0.694778132835913,0.464107220394504,-0.581866650096923,0.0260584760408438,-0.625079147826533,0.624667752547826,-0.185900214639363,0.730649584993344,0.0718151111164846,0.0215888961608302,-0.197590853568489,-0.188589412139929,0.209686824409468,-0.303912436216016,0.0344233562631953,-0.353889860318642,0.432574891533861,-0.62335135904778,-0.21719477890523,-0.17797710346615,-0.389510023274957,0.129604673841398,0.0806097642460148,0.0878083600717361
mild,-0.572870827913888,0.0527231759019731,0.456278424128854,-0.361105573494906,0.795516210335936,-0.0622163043506756,0.371293817897315,0.268537409815365,0.0435627458146898,0.11044832856073,-0.373510312937024,-0.0661008953052874,-0.111583162717182,0.15213589437653,0.766620890434914,0.557172854144317,0.441324177686501,-0.507523720645973,0.634818062370928,-0.440808980327375,0.529537284334955,0.239856134076887,0.682967942833494,0.153986472197196,0.124204191385827,0.0462393261162994,-0.142569256181725,0.598809793196795,-0.0234130732616795,0.135441636049723,-0.468902065844869,0.547306939045631,-0.527281963162168,-0.115844293432991,-0.186314226273615,-0.0328271689432167,0.102970979762926,-0.0827698300162404,0.109230169105572
mild,0.258249873417858,0.351191243264867,0.11516638184562,0.237601578393628,-0.353420396193247,0.0323434907161123,0.0,0.240893465755366,0.156466963474723,-0.0389595591850717,0.376649611861301,0.0812461992392266,0.393347022754391,0.654796841663628,-0.323907764890854,-0.38292813957534,-0.110724405338367,0.216734884723163,-0.507379842051915,0.563038922647928,-0.235978836062098,0.0982022111151441,-0.243690562730794,-0.0035023817569815,0.361389388790294,0.496530661024179,0.131570020794484,-0.0470786086148053,0.0675970027044837,-0.3566623510338,0.215863899158661,-0.322702874556087,0.290957490488727,0.22801121129601,0.172335238549017,0.491029049471502,0.26894625993129,0.171152289296233,0.0715438961425251
mild,-0.192872820729839,-0.201545400579208,-0.4267746915145,-0.192236888308338,-0.501548311867467,-0.370619148098124,-0.265021952592083,-0.27103265513776,-0.172070187011138,-0.406737626413016,-0.127790183029694,-0.232382457471433,-0.30199383658932,-0.0833079793578516,-0.293933047041069,-0.390514694499925,-0.463115283572686,-0.0804878709714369,-0.110389218630378,0.0006291558937449,-0.385463590874096,-0.14656709435651,-0.406703294109829,-0.424334095696794,-0.161456090053019,-0.348070879606561,-0.143119501335925,-0.464175569496129,-0.225145394887399,-0.343696061842591,-0.207224223609556,-0.427788717313742,-0.163923562811104,-0.228826282894486,-0.182490822777927,-0.342104942141046,-0.250403821284945,-0.244740365627921,-0.366252593735394
mild,-0.697108346296979,-0.400411093396461,-0.111206891088734,-0.879360213255062,0.825854373595094,-0.0302565881500148,-0.0492629236195634,0.200185607845049,-0.234958222116667,-0.0740673767304701,-0.556519980339328,-0.476972543855433,-0.306882004548049,0.239533218560653,0.741775336839805,0.56415159671136,0.352830416784106,-0.841371006286036,-0.132962490678004,-0.779596014163424,0.112677374097719,-0.194711404879687,0.75575346180992,-0.245978217056141,-0.327774956691153,-0.131604945391027,-0.261265358614702,0.146252911613733,-0.630533926690862,-0.044770020795885,-0.541024202373562,0.18875589802768,-0.782650234956338,-0.401560756119856,-0.666194853228654,-0.59469724460287,-0.247992888628373,-0.169078317139632,-0.157493541066542
mild,-0.743438699314782,-0.316248929351085,-0.308990341039462,-0.823672339022069,0.742327348904935,-0.0903834432173021,-0.106499211650654,-0.179700201005913,-0.386736171560232,-0.408501071015814,-0.524562298274643,-0.342882760723302,-0.204768789266627,-0.0059633016982634,0.58535114178733,0.287029097652981,0.259115576551443,-0.763346857317599,-0.1625765017083,-0.682013705902308,0.59123615048763,-0.0177293470723374,0.359051225517161,-0.279901635766976,-0.22505111107806,-0.316427741249738,-0.294162592009394,0.325635005093968,-0.317017024700002,0.146780370037509,-0.584493775516571,0.0453330645046979,-0.767931156501937,-0.211704787991237,-0.568167649141202,-0.558333302166209,-0.301179325396605,0.09909814573936,-0.372987501095734
mild,-0.685166819551949,-0.04370912723997,0.132956147625701,-0.461241655326066,0.793443803206043,0.299435268852183,0.0221222314803756,0.157527306108826,0.157418032781334,0.158820869783499,-0.019441137945468,-0.0815024639896217,0.203977935724859,0.328349525778121,0.771183521464422,0.402272532076062,0.241267518225173,-0.169341012370182,-0.122965485648427,-0.314044642444032,0.411083614164638,0.0797470480498178,0.476286200668807,-0.0390479309619312,0.169562657990776,0.0003126676423981,0.014248708769274,0.49912045294428,0.0328994854239166,0.004299029917692,-0.242132574759306,0.0752291937168503,-0.531010992612543,-0.0206815276157253,-0.0102670856604799,-0.310039890753844,0.0890895491492285,0.0747184995043598,0.144415506782811
mild,-0.798558716534578,-0.580735282677462,-0.432288005934988,-0.878525611409964,0.685405022901602,-0.0585339542432075,-0.296863479118251,-0.0007276123262297,-0.313318661601711,-0.278906946416101,-0.701018947115499,-0.625502373025744,-0.420253396025929,-0.0389842780256995,0.690822943804351,0.334924249270204,0.213942992141785,-0.712356216052229,-0.0203751426974477,-0.736828459269421,0.155895709116531,-0.182884877854681,0.415181415086829,-0.366264087594178,-0.516209454350086,-0.684582334420275,-0.38669958130928,-0.189344567719078,-0.606216482042516,-0.333271050948435,-0.657529530187663,0.0388721100840991,-0.606898078772495,-0.692349748095843,-0.466961356458851,-0.545920775605469,-0.204142474888251,-0.395083938096565,-0.351900334376744
mild,-0.731026869971177,-0.322303993258969,-0.189459428089833,-0.721932162711429,0.830721432917636,0.179880360578053,-0.0269349347018828,0.399674763700772,-0.108610633823391,0.178721767036267,-0.333435964027281,-0.383855748144785,-0.231057973246572,0.27036783956198,0.847137485609908,0.558659697886747,0.424354100502727,-0.541669425279645,-0.0877687807826259,-0.675124683889806,0.45269685960804,-0.0214270851309131,0.777675631108067,-0.0284348974506902,-0.269665230302329,-0.211856650117272,-0.0694257968185223,-0.0167307549362664,-0.393798264796941,-0.135790926877971,-0.515140295190723,0.483407813660592,-0.718585558479381,-0.452351991911628,-0.618094607252484,-0.271990642213679,0.06816375512048,-0.184863978948992,-0.0722110240792576
mild,-0.620985733368292,-0.0757587746341505,-0.0839460788339158,-0.705634530790156,0.856183617629567,-0.0001950902525678,-0.0112695878073893,0.280421053479829,-0.0650517771029992,-0.0298842833969994,-0.110351908938915,-0.195897585336307,-0.133200270425165,-0.121697292117592,0.663919068616806,0.439377602492206,0.109119318794781,-0.652862432909769,0.0721100484314537,-0.584798395209301,0.256621447625993,-0.0899552985712848,0.482568793516496,0.0854347275601197,-0.217240588472209,-0.145545038150559,-0.154844173279347,0.221912200549746,-0.327543249120855,-0.0223785687328395,-0.468399821370778,0.181553675387989,-0.610843920425525,-0.222893260441385,-0.150446345100104,-0.0524776284080717,-0.0752299267754174,-0.161985058340398,-0.0226110211880646
mild,0.677342669082182,0.234513459055884,-0.109078464414712,0.778985272206123,-0.872336516109928,-0.208410808257996,-0.0161093776397926,-0.115741941478377,0.0795505647850811,-0.0877908447066405,0.500352024509482,0.45609998119057,0.227861509294275,-0.171301141936226,-0.821413749238117,-0.718030040219509,-0.297283862638739,0.624536619551509,-0.393231496203611,0.747493203198187,-0.558155400411104,0.195504379519799,-0.718619908938898,-0.0373512608393632,0.272690218197415,0.524786804455723,0.305109474899671,-0.309043364932756,0.533778736317542,-0.102950050869747,0.468720914730571,-0.386567541820587,0.442921388881866,0.215506054109527,0.431775705490116,0.39054809351169,0.101963722070699,0.0980617093160404,-0.0512541279856879
mild,-0.342036212029763,0.0745849574138081,-0.156749229665052,-0.587885950967446,0.18025522150641,0.0938810404999011,-0.469586794470634,-0.0498795595606005,-0.164389868963888,0.0385181471941928,0.104923754609954,-0.359847048980956,-0.0425969913077298,0.220663612318507,0.0829362476953594,0.165972951365265,-0.138592883188707,-0.248870728962426,-0.175645907183443,-0.210341974475397,0.421376408631434,-0.232607800215831,0.283712089381177,-0.138698821595739,-0.192561184871683,-0.156069182598189,-0.390711204148173,0.110782714506651,-0.305532508998881,-0.195780471768826,-0.367902208473817,0.124637258981418,-0.314567513187119,-0.289751173701962,0.079424986698394,-0.356600731157251,-0.269746734204524,-0.103032979641425,-0.0836819683074999
mild,-0.403048338924065,0.151226543779537,0.138270823547174,-0.349609037899777,0.60943159566414,0.329212143808568,0.127348040499832,0.23807043451638,0.0166228390235882,0.397691118097812,0.0731429738025196,0.0053551951534165,0.254746832549703,0.390214627776436,0.514728065648651,0.559624836361713,0.342638676106331,-0.142780489500318,0.255897610722888,-0.343864399541024,0.353539984087137,0.20809385257415,0.440461485833621,0.233943210593626,0.0853995485378288,0.160327221322092,0.226849169288705,0.34196932100696,0.196492479850722,0.0729389068462017,-0.0431525420569382,0.550669464447319,-0.242993867663221,0.180880562717044,-0.242683378942922,0.192118569334486,0.218390948209715,0.456518518426015,0.224063317419105
mild,-0.605093687359404,-0.310376477855192,-7.56602925452625e-05,-0.582001150179106,0.495807276397684,0.215286941770589,0.0636770780310399,0.150839904154094,0.28599938664993,-0.257642130295294,-0.0730539676505265,-0.184550980027866,-0.220673656432293,0.0297663095870613,0.553553355806634,0.213576130684695,0.228130444549609,-0.53714823242377,0.0561068363624742,-0.435092261914882,0.0343354585118582,-0.0455160677502412,0.541084329987641,-0.252183721545464,0.0521927301255063,-0.195882792128781,-0.265034501637011,0.0670644228375559,-0.181846152923629,-0.120896136117415,-0.448621798451716,0.11570002480048,-0.251829151887598,-0.125694212292299,0.202893278951626,-0.257477199594132,-0.108458010401777,0.13664691287678,0.0576224284378214
mild,-0.698652491217475,-0.335501014259036,-0.323821500525487,-0.502505051385104,0.311960282614694,-0.164939236282003,0.0118445329850127,-0.0216159438820885,-0.108671130145204,-0.0549712515475028,-0.100213222799137,-0.356872547936732,0.117465585941993,0.239428760872629,0.401406339974411,0.373795211937772,0.0101595996794317,-0.648387163138065,0.245436216839069,-0.524303160425837,0.0460385702847137,0.0791344005286649,0.149167055723051,-0.077612082387661,-0.134880057094497,-0.115480598273435,-0.280695818453551,-0.247268287997544,-0.464752890468982,-0.221313647660126,-0.507740350579018,0.32851587694275,-0.520409820591603,-0.456774300074665,-0.167368914207411,-0.194302158663768,-0.342400553145855,-0.0766172520118464,0.0464934940459427
mild,-0.601804171445765,-0.103730066694903,-0.0598174237370179,-0.626510793689793,0.779742082943783,0.0615611406066022,-0.00447589209333,0.307949705755707,-0.131948807021718,-0.189018603564938,0.568413008058829,-0.370828775993655,-0.301389015642393,0.333522399318031,0.770951411560652,0.580924771937671,0.270325031618279,-0.605411548303013,0.0193344585685112,-0.601422384607828,0.497989079735938,-0.116681779751752,0.814483690334948,-0.0388596754786925,-0.468638598103207,-0.0617309266726396,-0.079396415981144,0.0003206706986636,-0.317260050523313,-0.165752053136307,-0.40213849054013,0.223488027990176,-0.406431858850131,-0.218658542587873,-0.564436735901043,-0.543289929741515,0.218303473714687,-0.0358704631663363,0.110590695404876
mild,-0.783138529470481,-0.441400972065222,-0.297493896160982,-0.779458078899123,0.666972620152211,0.194155389009581,-0.107491365402562,0.0759474554079711,-0.374385607860834,-0.323759545851545,-0.589851958281869,-0.49128269863075,-0.55573904842723,0.475540176765264,0.794345812143778,0.487747266542331,0.495464054536871,-0.677780403755676,0.068642575354768,-0.639328413142564,0.398899324305699,-0.12612765676353,0.624909673915562,0.0319559880747285,-0.561692322809546,-0.251748344923759,-0.341799688221874,0.0979187780526373,-0.429385632866179,-0.114318678660672,-0.620032914581495,0.291712524197279,-0.585517883348854,-0.239891353430637,-0.464818957753885,-0.133272112173577,-0.220904020590362,-0.294553685025955,-0.11162832898239
mild,-0.609672593485065,-0.170264967828284,-0.361693395486952,-0.678355716014201,0.415617285968181,-0.0371070674343548,-0.347177462262903,0.0589779953099269,-0.0896100911489228,-0.0076176482704715,-0.245463222045218,-0.504595074683956,-0.258111468417502,0.223259187905663,0.618715713391247,0.240533384204693,0.299142756899704,-0.486218138294586,0.0520845159146788,-0.715767131620718,0.371081232198755,-0.376641054663784,0.312954848796758,0.108108149194848,-0.433867265727415,-0.145212303366608,-0.255784642767322,0.248562471102205,-0.397173567325316,0.0236012067951562,-0.61607681566268,0.0409586095526992,-0.561677446001444,-0.336848643577568,-0.209570562925336,-0.0456181993306337,-0.0153027348941938,-0.187930704182132,-0.139692295546549
mild,-0.740741277185135,-0.561938277316451,-0.0685057927491461,-0.659709844541755,0.569958782271208,-0.220862319735726,-0.357525915437699,0.129104240407845,-0.325409545487878,-0.273866688518379,-0.395066426346125,-0.639731749993078,-0.36318617672991,-0.109922905683179,0.451391726923401,0.430660669988993,0.0841428354492295,-0.663457102473469,0.221436812488382,-0.700227348839911,-0.0546591411958185,-0.256471113214716,0.391801041803895,-0.123549112121803,-0.584117465644479,-0.624521330780073,-0.0353607662709649,-0.264299470716914,-0.646323646904811,0.0355481176914494,-0.609076919694517,0.357330114141651,-0.797176097328572,-0.541333518997247,-0.288842510600493,-0.286067739375623,-0.282184121280789,-0.425846020870198,-0.265873590154204
mild,-0.72914181449698,-0.542586326026096,-0.28407850992662,-0.844501027106992,0.624140885000303,-0.148621405173515,-0.11043681999741,-0.0924202974712512,-0.306481564083518,-0.086430867322443,-0.328204244580458,-0.431700651600479,-0.217565184738258,0.117200942253983,0.627678569199566,0.441350052854871,0.276650270057981,-0.634539122748478,-0.194003292797816,-0.682174518646039,0.414304037614244,-0.267529021492318,0.56952036709731,-0.194431433219341,-0.440816315065316,-0.230502339251858,-0.372962620685884,-0.0526750850441867,-0.4539764777844,-0.297407075830351,-0.613577156070531,0.197101375601023,-0.646241676325591,-0.457304101614299,-0.417991462105427,-0.404358043599426,-0.238169569266138,-0.255206764598917,-0.254071850585483
mild,-0.447058878148317,0.0710842845891333,-0.0805883024007266,-0.362760992612045,0.788002907140892,0.154523716145397,0.0046112343554011,0.602375076656443,-0.0901453325719025,0.0070194987439767,-0.42771921127353,-0.34893465361499,0.18398189311307,0.30424831391827,0.792451647256405,0.40708033644923,0.533311279430585,-0.673746502948451,-0.0086871936605382,-0.250595002824929,0.330651727185884,-0.0829798960015647,0.637764523173975,0.196318092830218,-0.0508958064213417,0.188042220255118,-0.100724242802272,0.284001064161217,-0.256378104694304,0.0292962346478011,-0.415463160053625,0.107762383891825,-0.479949947503004,-0.427418839154627,-0.270654445268533,-0.262917059921219,0.10330188376276,0.066763495572695,0.168385975851801
mild,-0.732615499951216,-0.517709650919357,-0.212043616046612,-0.830488379735184,0.615875681282767,0.119787639741441,-0.118166526154968,0.359099646141427,0.0489465037605361,-0.295668678385967,-0.516247550145769,-0.420415212665461,-0.449283336615016,0.169189681487532,0.735857432733294,0.615032242778787,0.499188626984758,-0.788570502958673,-0.218387285920076,-0.573080506752687,0.344847575528771,-0.26601630971428,0.802617647132945,-0.288422714381838,-0.293016673577463,-0.274729534822874,-0.525392449831588,-0.0097212058445391,-0.381173252228248,-0.132124659431534,-0.747613866207037,0.261871855420894,-0.756692386776977,-0.554431801807951,-0.422735153680605,-0.180648340946118,0.236367018696843,-0.17471110030152,-0.370375658375817
mild,-0.558647015848729,-0.237873461996798,0.128607257822668,-0.520460297906158,0.866219235057062,0.296070301383876,0.10056599114488,0.476980429112474,-0.10175548227238,-0.127432628054747,-0.390921994432182,-0.264667816934258,-0.0798486038613895,-0.06131685953513,0.79025134383203,0.683099147692625,0.449779209001919,-0.597413653096944,0.506716804516907,-0.427401737970708,0.340607248951233,0.030406061404024,0.742753998458054,-0.0761329331795355,-0.227424059556669,-0.215037986121159,-0.469276407162625,0.190786751727667,-0.599195385812672,0.0059429071734519,-0.472069469567638,0.347377410555787,-0.492944416345783,-0.269156397965704,-0.314621631494155,-0.260804548841472,-0.0351746769817091,0.219017316232648,-0.145483148773335
moderate,-0.764607015566537,-0.616542355090146,-0.22800701396835,-0.845532877672394,0.689108431115201,0.0579432607710644,-0.0660089742442031,0.332159517768161,0.046010196928256,-0.282409843344686,-0.613523160030959,-0.577351723660682,-0.196616829978342,0.457034687278897,0.666543796175743,0.62247044304824,0.683616025658014,-0.79388388128371,-0.202118311963177,-0.786996742385015,0.482428887929822,-0.271889883643459,0.717842831067744,-0.227837994079845,-0.487660854297182,-0.192840919509802,-0.528593110149027,0.461063999313569,-0.711794671210782,-0.128423730044928,-0.728609627284482,0.306558106017089,-0.778075968414454,-0.617595289818634,-0.746243893709963,-0.435758433612995,-0.21679967071745,0.0516054447062958,-0.133326770127657
moderate,0.102013870915966,-0.161847925439115,0.306821202459725,-0.174546495093601,0.129059055995498,0.267995851831838,0.506305027426826,0.156045032000718,0.188531453497728,0.571716778265876,0.251265093947554,-0.209390806579912,0.242357968014026,-0.0182313108700264,-0.0854823490475398,0.414287876647923,-0.146452639489569,0.0451755562949779,0.258857648377561,-0.181752721589379,-0.164268726708963,0.15108673987103,-0.251255932084274,-0.0479051088699708,0.0978337823400908,-0.102957648279736,0.0134854359314057,-0.445929622968645,-0.0083346467751044,-0.209446897339048,-0.0329450038908091,0.629447848079461,-0.0847752368279577,0.249135821345215,0.101269690979775,-0.43010591009595,0.305033910973487,0.0332362937180031,0.0784291603687064
moderate,-0.407682692671541,-0.117585038716484,-0.220776923750506,-0.318097131831617,0.314097892525362,-0.227922971652374,-0.392852633757996,-0.0739049044372731,-0.425168135518536,-0.0995276771742698,0.173624055393443,-0.432012344063353,0.123033293776483,-0.167814722519679,0.509485870743818,0.378504561983216,0.216215611052271,-0.359463425494811,-0.251304436218741,0.0596771492505974,0.245520861618623,-0.0876347300955262,0.352428007419338,-0.347781175742755,-0.169012550172321,0.0238130130724327,-0.384487820153762,0.142873525936357,-0.0877987847494801,-0.127747333801135,-0.0724978892982643,0.213995767112814,-0.364350668882884,-0.0652100484607381,-0.378283402900058,-0.0962840322552973,-0.197017089988258,-0.218040140785266,-0.281408224044108
moderate,0.135216769754265,0.171151981065686,0.190940182098922,0.496562409125284,0.396697908098816,0.523678164333465,0.451305065364597,0.0107578534137045,0.176929985381162,0.0064598588617603,0.208088167608369,0.174982189303655,0.122456254289489,-0.317297280817525,0.271543902607209,0.145904448568673,-0.200559136038542,0.292961419990338,0.56562055474003,0.0432917640219993,0.52384361347697,-0.0086264236042213,0.109512508663311,0.16192189788527,0.172233953793484,0.302961690546435,0.290495876630485,0.531003272379014,0.204101541120641,-0.0117539359143454,0.175589096844363,0.250179379239581,-0.223569158948627,0.0223291255291752,0.26986501597325,-0.159246650856451,0.0503917620783647,0.159055406356585,0.0748266984820572
moderate,-0.313458494082731,0.0089639748856699,0.004192696415133,-0.362771981236697,0.720539430430917,0.108198448207232,0.0692793056943849,0.102668122855495,0.0060627567484598,-0.019873135413396,-0.200755230930991,0.0180360434238313,-0.211799853873374,-0.0151935837342511,0.521982103221223,0.619385713381848,0.226829515721592,-0.224596178006443,0.218934196574986,-0.349550083982024,0.196874786597906,-0.0001010468004164,0.479951158680959,0.136378518343545,-0.146736521137622,-0.0897127375810829,-0.125224456642916,0.0863776238288719,-0.250352371011501,0.11569902621691,-0.196279416124851,0.396732505160691,-0.122389436284438,-0.0295065690889535,-0.364838034348796,-0.0359710243235054,0.064302166618752,-0.0654568451291842,-0.0038781846087641
moderate,-0.757819440456118,-0.513672564717946,-0.149904842878191,-0.803689744607976,0.750065078615628,-0.0133985821975366,-0.185094667289184,0.1598666582665,-0.134399845307681,-0.0631223920616278,-0.59543244211176,-0.341962593672936,-0.358825892372239,0.284183759513028,0.72436059528791,0.621132578991484,0.467757599401821,-0.576221616689947,-0.142227043111079,-0.661167739211251,0.288928690339224,-0.100821474983436,0.752180657599569,-0.001988476195714,-0.199259667247588,-0.264427944349502,-0.310475376519177,0.0671247808042085,-0.602157390607066,-0.111914477368209,-0.696789477582902,0.358288546360887,-0.721149856502248,-0.502507935773495,-0.628405920004552,-0.464773338728104,-0.0599651930366997,-0.363497791169105,-0.213936192180774
moderate,-0.114836262079687,0.0148184741491462,0.115999536103417,0.234308326845041,0.151675612681614,0.204177323317222,0.178471106314384,0.453316237992911,-0.150123942476425,0.338751515126161,0.0137795408618283,0.195864586968456,0.223459193780413,-0.0686969851787417,0.352649121581557,0.167315779862159,0.0310041199686938,0.0280157051847109,0.136105098857856,0.292280932977746,0.184468769761992,0.0927247177373415,0.203440096714758,0.243713484264387,0.117209457553951,0.347502539309652,0.121253615786378,0.387971317876382,0.196817508448513,0.0536870093828206,0.271483487546027,0.335361801627103,0.077437233393744,0.308474479385313,0.315443697399318,0.202839809176489,0.250947933271088,0.0225247619682268,0.253116298726835
moderate,-0.47123544479709,-0.342626900102117,-0.473817556208762,-0.65318287735835,0.345572252373568,-0.108136844809749,-0.0802538301669964,0.0823953286858978,-0.2727194978523,-0.119096981811012,0.0850304828179003,-0.413791750564697,-0.3875307381023,-0.0767112833208625,-0.0013462202626527,-0.0483191098643144,-0.204711317236036,-0.611131315210966,-0.415773363968928,-0.306838172615692,0.0647079527827159,-0.636254174688092,0.164565205001376,0.0032040305306206,-0.504821258186618,-0.0690169345833562,-0.172327661842165,-0.167393189165142,-0.451720164960305,-0.206895845573131,-0.440966425025672,-0.0997392587031592,-0.590669395748705,-0.423058889638216,-0.268716456055299,-0.170870943929739,-0.380293027202279,-0.366805774267347,-0.181644889290847
moderate,-0.310231759047322,0.097265290121872,0.0500206631465858,-0.222543614362885,0.430280625866487,0.293100886124759,0.483851527819247,0.203221842516195,0.203734972975615,0.19226098126433,0.187865109275374,0.239016518016578,0.164658164432786,0.0813848038711167,0.423199731789194,0.301839316125577,0.136988959185129,-0.314764579031118,-0.0509428087357993,-0.210735298805109,0.351568126673612,-0.0109413298183182,0.469615012108163,0.127376761856591,0.346740769677302,0.220738643175346,0.161903208415945,0.291232780135116,0.162377827078177,0.0992740528555154,-0.192796186787857,0.143889186500889,-0.389181145266915,0.30503139182731,-0.112885996407434,0.211569173014355,0.31911769301061,0.419800436645759,0.141176342065767
moderate,0.390127711586625,0.376083814636864,0.376274379330972,0.567702234596622,-0.0128063225524687,0.0105372658846363,0.20692397642908,0.168026411855144,-0.0855539238161785,-0.209620029014665,0.337776363223058,0.355443105457722,-0.312959850838078,0.130922169561501,-0.268785352821324,0.037684312864565,-0.0712263837410323,0.398350414896057,0.175718620443469,0.648605460964302,0.0291455865251816,-0.135093773631711,-0.258433638858061,0.137300563686235,-0.0485969322786925,0.267573388688634,0.153565209467949,0.0741075582511394,0.289993676137411,0.003087782910967,0.297178214633069,0.079509073532572,0.580798163472463,0.0861520440468631,0.283064363930706,0.144756054369213,0.193366451387488,0.185528438082689,0.429946458622768
moderate,-0.606764770180379,-0.461890429105311,-0.42985842286971,-0.587261091154816,0.346390162138911,-0.295352432832413,-0.278631950115646,-0.213980636838246,-0.399260565482337,-0.204912917349636,-0.117677989690763,-0.532490960198414,-0.424171648526449,-0.148800012118001,0.36487193444656,0.153879674301876,-0.0190254749339065,-0.515516008784982,-0.150073115208487,-0.742615448546939,-0.0083667433436855,-0.263823620831449,0.281157437778433,-0.293050967466248,-0.514369639064923,-0.319805130761274,-0.289594781092691,-0.263215277346217,-0.604472985329256,-0.555457387535966,-0.641865966238534,-0.074803864523532,-0.379988832047143,-0.490488921006629,-0.486110828907409,-0.266582026276021,-0.156388730129757,-0.466455387830578,-0.280677901603125
moderate,0.584406985153231,0.444917968063401,0.450102178237699,0.51147962807018,-0.177114980394819,0.323153117431209,0.376963112991684,0.165199100222809,0.435294422060143,0.276817920036264,0.292600708242997,0.465547092244112,0.315969659671695,0.27168495108521,-0.139529111052588,-0.117653705738341,0.123714732008646,0.61114724326607,0.215044789724993,0.68052882547196,0.0762387874845298,0.252963960931125,-0.176669909901851,0.298407516116504,0.333801025480089,0.153230472248109,0.358517428290425,0.113163439327396,0.540552960449587,0.291721938938732,0.470733514828486,0.270433303183239,0.680139075003627,0.511467780407509,0.591955072426835,0.434311509158594,0.409842350920673,0.440844588147176,0.438735564752209
moderate,-0.481213837939763,-0.129780565444865,-0.10635559410151,-0.300396773581708,0.549904395123533,0.121817024879929,-0.0350762725749105,0.419936971232375,0.196862632050252,-0.257012845805439,-0.0701103806512874,0.126013416839496,-0.125397591807432,0.0644178246037961,0.652002409707166,0.478697761924384,0.382477120499493,-0.213687863335977,0.408188333682157,-0.606415869080351,0.681468403192534,-0.0385228175257932,0.465787412894891,-0.0020324992511708,-0.0375100157836065,-0.177288275800668,0.007650543528401,0.571514374298565,-0.310323060187538,-0.0271384882594477,-0.0931424151440043,0.0284837468987999,-0.38542032159399,-0.167368975969958,0.175533136580425,-0.0754466375169571,0.0478326900619447,-0.222201698250823,-0.439913811312752
moderate,-0.164406667427254,0.0807693313114671,-0.195689394988232,-0.141234883068272,0.423010892532752,-0.0897736339857246,-0.262501368018862,0.138291280064744,-0.0038864345534317,0.0330922126598085,0.266543665060301,-0.337540017759644,-0.13186523776561,0.0115906354428535,0.140242070362009,0.0901224132571945,0.373860786748734,-0.252508014891192,-0.193846938215029,-0.206985579091847,0.226588072435494,-0.0895747339983571,0.279579488507058,0.14415426925077,-0.0627805136714629,0.200263183517511,-0.0969264800749501,0.022356656676025,-0.163587684800664,-0.133079054490174,0.0314367967964853,-0.246800173760203,-0.0627723134032804,0.0067338718196619,0.0202957079458824,0.163638709625897,-0.0337344046133292,-0.174835723001756,0.237012528713697
moderate,0.460262351609588,0.445528341088634,-0.0840770391777613,0.503650009754828,-0.188104298395561,0.38398997408057,0.0847017625594012,0.136235088787579,0.276578326195297,0.294213660282838,0.276006084338093,0.0829740847453627,0.140026243394373,0.0084820634704715,0.0784808508003944,0.0633962169330892,0.111385123199448,0.190448104643707,-0.0212721438583783,0.375741242218117,-0.0095812962270205,0.0513639962223511,-0.113644337377223,0.406974610304109,0.242711655915396,0.15875260963743,-0.006703416379577,0.0940350828454859,0.361878657994265,0.0589850143577305,0.362212404334838,0.158522447624246,0.330717081140487,0.365543734778466,0.229408823880766,0.270599267019072,0.0658199634916124,0.245330177690404,-0.0011726882525066
moderate,0.510114832695623,0.086964045445561,-0.0128512992627002,0.332455842936617,-0.0647126304241878,-0.191907552408128,0.0827018305853473,-0.0703098623258531,0.0159472380908468,0.105461916997644,0.114636720961061,0.081393308649778,0.0019287562847087,-0.045712095039319,-0.230510622194214,-0.191167183805838,-0.0864010784352974,0.497673820403954,0.0189261825768958,-0.149162148654469,0.193122861788402,-0.156772226257545,-0.0868821565689743,0.0744833611434135,0.160633095372753,-0.0171009251342332,0.117437941674162,-0.116457984509874,0.0019626206727822,0.284134603575585,0.141489901024743,0.0615915830934525,0.406127923946677,0.0144250408327303,0.0950874463457097,-0.0174996391477644,-0.0858058082111385,-0.150396904259004,0.020856935376082
moderate,-0.146865815363583,0.287051621260174,-0.366319068548567,-0.176458073553672,0.315133618587117,0.252611067801798,0.0878465812215954,0.001564754215701,-0.391403801155228,-0.0193648807100871,0.225080184946894,0.467842175294053,0.164973399492433,0.130630834823073,0.0677522218222572,0.0823093943206617,0.320990638374598,-0.186027827858118,-0.237514513023454,-0.117871380652138,0.414352725645429,0.24876784195849,0.142583979366702,-0.0451102681775164,0.38245796784556,0.32438515034327,-0.037163051536932,0.248774464101619,0.0480923466605683,0.124151912611857,-0.149378036947167,0.118058640441051,-0.220686039797041,0.110510622144639,-0.0570531490985647,-0.446635844381421,0.0601587479743259,-0.373866835392285,0.0076107038557706
moderate,0.233159008065416,0.199919478019517,0.279309507655144,0.142014490547763,0.424225502133151,0.22235712587153,-0.077227983108037,0.327108416714907,0.207355739096832,0.279712874386104,0.273907740327015,-0.161017433656937,0.126407595961734,0.23419909118235,0.400182549514116,0.165291691880588,-0.0150450003708824,-0.129829705541678,0.412745939743024,0.283866594110944,0.142667360963873,0.149837531851591,0.150864917847414,0.672761050769431,0.0928576633508253,0.124470666760281,0.0150008651060224,0.477718941147535,0.229081099887701,-0.0459500808973552,0.225242522022547,-0.111878938687143,0.299955503643277,0.164661519360088,0.542006670500276,0.397861794463717,0.262339916631788,0.104840884188767,0.344230707089564
moderate,-0.525888973845624,-0.0421768204950126,-0.0084387684481312,-0.551167049534982,0.713584226047966,0.0528693131392941,0.01954418380162,0.0627306579471462,0.0557251189997991,-0.119531558019964,-0.122429847564274,-0.0891090881137159,-0.0842247817135335,-0.017652797486375,0.668360746183454,0.546356800359252,0.160578534918716,-0.407523210177033,-0.137687229975451,-0.399750078135153,0.28359347219483,-0.166134392790353,0.552206313282774,0.0587373617251644,-0.175110496609432,-0.0154230238225129,-0.0807897057238108,0.0603525356605402,-0.351670798331232,0.0273877754014431,-0.290057863040189,0.0201455156297833,-0.108762361069266,-0.0824174619624382,-0.322433313362072,0.107105614454139,0.0063903605092071,0.194868935188658,-0.112222996802635
moderate,-0.731797158922526,-0.110155296468288,-0.243060611606759,-0.74405179296325,0.84720175154789,-0.132202116450161,-0.0788454884980011,-0.240847522922297,-0.163052810348248,-0.297745509653049,-0.251148852830892,-0.241151665236233,-0.245745039125338,-0.16001608923701,0.73792199926783,0.573611129565142,0.145488198337404,-0.411223241952329,-0.111911590109499,-0.602687048524316,0.45637239829102,-0.0380595920960648,0.623308079516943,-0.0516333265427758,-0.296520802421297,-0.285224592845946,-0.0853663027485459,0.195634264739938,-0.426679265900513,-0.160901731849739,-0.480018596408103,0.106804270298602,-0.282798413010035,-0.286752616270338,-0.153045987281246,-0.279447712089894,-0.300037414020395,-0.0763837863634895,-0.0696724885757675
moderate,0.0884798753633439,0.317353604456102,0.395131845634486,0.190230085841519,0.384060725769924,0.400322498849476,0.371880851931122,0.104632110821072,0.146697067304019,0.348160156351843,0.237475030088938,0.272161605214181,0.22249310849324,0.346261939627741,0.553520141424457,0.474369894615258,0.52562226916757,0.247151644047879,0.261738282960497,0.0493814741266784,0.50137396140145,0.305332237519405,0.369302192660536,0.502290133051175,0.195945331794852,0.107936294938177,0.24554468825456,0.742834350588283,0.266741166674661,0.0430630460803506,0.152471397043769,0.194665651939743,0.123526203844065,0.394485587928368,0.0700100456527305,0.433996908826531,0.0033237665719196,0.188012583582668,0.0269035125995271
moderate,-0.439562220648451,-0.221376976507294,-0.0707383544828155,-0.480391646054198,0.775873629308482,0.203087421368693,-0.210303929708938,0.430916203280587,0.0096225722004602,-0.224089767965135,-0.0041298474784524,-0.278663514455819,0.166268168791394,0.0499959284923597,0.793385380042712,0.688558384041024,0.262586168523289,-0.329606339494436,-0.0466423718732207,-0.543462958471099,0.0577711073601023,-0.182378013437663,0.643578708550931,0.0743228281305369,-0.162010674234631,-0.379503415145024,-0.231580266610811,0.25337970217609,-0.139301250650379,0.0059749879702837,-0.309919102141323,0.145401030319324,-0.328070035960346,-0.229086362997301,-0.122217673815453,-0.338192202456735,0.249263148468405,-0.201977033456559,-0.149382447023964
moderate,-0.630429044044499,-0.531107141648948,-0.229832767263369,-0.701973862562573,0.751351636904194,0.165439304343851,-0.0722066558413294,-0.0384400129772937,-0.607506903465694,-0.491216624613562,-0.599844599160614,-0.0931341931580711,-0.471066324377756,-0.0418712523751771,0.756449200251541,0.629996250178871,0.273582306556959,-0.69259889679491,0.237945686127767,-0.726817953106501,0.601246310734846,0.0444375122433579,0.673058610414198,0.111530759102808,-0.209960364055748,-0.424450033966882,-0.527153607026407,0.459139229831273,-0.530342868992268,-0.164960642731286,-0.57590093939217,-0.184993256000935,-0.737196720195869,-0.538770296160376,-0.462055097343974,-0.502346272453628,-0.21526790869835,-0.26698720475014,-0.649793888682051
moderate,-0.599921676523532,-0.0338987276132514,-0.32890437410222,-0.744254449464475,0.786013787505203,-0.0808130402752871,-0.269771546328073,0.427403466909876,-0.374721108057329,-0.136957976880118,0.162703911350905,-0.471031895518936,-0.04293378805077,0.364488999876318,0.784506403035637,0.714554349102607,0.370110962316597,-0.676845892002457,0.029420753350129,-0.714559584693916,0.401611114135136,-0.0424389823291282,0.685172683764656,-0.207726384119761,-0.205483108136557,-0.145350923686366,-0.199756639959858,0.0080936498122011,-0.415877297547759,-0.164615150746426,-0.38682075364094,0.247308262349655,-0.540282314584707,-0.430933318793672,-0.322599789644802,-0.303765089904491,-0.137264694799738,-0.268744848869514,-0.0089284045887285
moderate,0.682035100651892,0.0940756710078454,0.23030841246787,0.775286848896465,-0.820206280896181,-0.14188042215202,0.003944126987737,0.0436215271581257,0.648117481513641,0.622425278061835,0.586039853322296,0.0454820462798636,0.346920277901171,-0.0507350686467899,-0.749589569963664,-0.532502910213998,-0.33257443879206,0.587943926521581,-0.264649643809705,0.768941226397358,-0.685690864200048,0.0251070204611042,-0.769862282977244,0.246183753482945,0.126091294903555,0.457562489955947,0.234566461519939,-0.180448513998991,0.371708244671364,-0.0181510923372443,0.708387866202606,-0.270033322209094,0.803063492853041,0.334026535078297,0.41344812154663,0.483956966887877,-0.155995243680865,0.129929522548992,-0.0264194963660346
moderate,0.204885921914692,0.0333967762795922,-0.134554948035153,0.446398361058752,-0.654000816533757,-0.0763594543449827,0.029792846092835,0.321711706335544,0.0650361297486196,0.379403955208046,0.318295074173313,-0.226569494299892,0.14215615095299,0.164128648632253,0.0522284808477006,-0.203931092907221,-0.074481407631372,0.260454531050212,-0.276228634765589,0.574405120895439,-0.159428168830345,-0.0835988553550561,-0.128852711043059,0.246840417404215,0.291120186913282,0.158911399163907,0.0156979061588257,-0.30999858270878,0.200492313034995,0.0373742630035375,0.24204137026278,0.074323523075221,0.452160383056258,0.0894558513223249,-0.166390274704186,0.334255926100492,-0.0077651475184655,0.0628839172559853,0.134705499388008
moderate,-0.48389926478687,-0.137324166251811,-0.0557743360690832,-0.605452786925614,0.813130960567115,0.0621331453348218,-0.127325183640299,0.167532893024832,-0.199782377008425,-0.386766342578467,-0.356722393887816,0.0096282434679495,0.212814931699658,0.202957281981018,0.51418169544328,0.498190433671752,0.135808374344915,-0.287121600259515,0.213759752887611,-0.614403560621468,0.319180665564993,0.0999961610143292,0.577636415629469,-0.459385761686464,-0.273957919332804,-0.140790226892998,-0.105887831969985,0.463488882695932,-0.198547473716285,-0.0674425876034681,-0.212712979812997,0.109639892025416,-0.585436564002708,-0.187688923436727,-0.454285762418467,-0.370954927155944,0.0840528233927779,-0.0097111943475837,-0.027601060629468
moderate,-0.0366358397149849,0.0691680443618486,0.240919729476701,-0.285708716087511,0.729411752952352,0.0019418186963034,0.215743980001816,0.363545977493965,0.167504405938099,0.0264565365344375,0.118411686399487,0.0361335340063905,-0.198500470728112,0.0949706958541227,0.58255962857814,0.638574677024008,-0.0264381837509702,-0.385191936277151,0.245206471029808,-0.0875817241622912,0.300244203052574,0.218465748692853,0.53035314014165,0.0138876378418902,-0.245904218249158,0.0345362867445721,-0.0988204435545236,0.40586981466439,-0.0725324095340461,0.0784040323317388,-0.069367225335382,0.193679065592937,0.0647604521362509,0.0220714617110866,0.0407548621245619,0.256874286253,0.221213468816126,0.0796752393894159,-0.0599365532555471
moderate,-0.118141987730316,0.116376908459928,0.0823700136359571,-0.159439365915814,0.822464343371044,0.0047449006676994,0.291579848811852,0.0522169914011201,-0.0231224695127724,0.0762715974056308,0.0206442070496451,-0.0584527562168496,0.0325806114420904,0.328505219248185,0.550287619236818,0.453810813197139,0.409079348056459,-0.30213753349674,-0.0993322100064092,-0.108980334606473,0.270115859529009,0.0052971417810594,0.451937726284199,0.0700323596202459,0.0967688696814998,0.170215340561217,-0.158256865448428,0.176033633196198,-0.106425994889666,-0.0832302524438261,-0.0881509847952096,0.161912141800194,-0.180617110551884,-0.0395236832139645,-0.169159297514443,0.127316740256045,0.115772446913705,0.0031325687499175,0.0223749104275771
moderate,0.572486981131705,0.243505945026024,0.534749331399467,0.524940216142367,0.0226415484388612,0.264335321907637,0.0909476438190609,0.051562379963776,0.19086754846124,0.359992317698871,0.492341482658516,0.510579657904254,0.447834489109089,0.174817971845386,0.0870072805723952,0.150239119144454,0.112005605186624,0.626933356915859,0.172579319306486,0.45918896108981,0.333020908821751,0.371337582149934,-0.05734807939604,0.451113188970359,0.334812194554218,0.418327724901384,0.513755068531326,0.293831366915651,0.592154785090514,0.219710183701463,0.480130655618802,0.330094352453026,0.537104634892295,0.561434093964415,0.459712715750204,0.365964604303892,0.0142382021651895,0.310740568747083,0.195935449801132
moderate,0.350245891488852,-0.0028225850002888,0.236268930507545,0.135291780813623,-0.0955146156376951,0.13214190767845,0.564619176134253,0.144630205745402,0.175082784234695,0.263608141539079,0.264496781486014,0.0743281234950868,0.443332876662912,0.596698560282536,0.255432787017862,-0.0066488721160578,0.432749242934917,0.463993960543633,0.0399432059968911,0.338521687988696,0.190412405938281,0.0485042755703408,0.0846850965799281,0.302452143959419,0.350312176790487,0.372683540790586,0.129528553813415,-0.106588155456806,0.346924834386462,0.601968831036575,0.282613685193567,0.21380399150155,0.318227277393278,0.472263837998436,0.251871959452357,0.340735342488867,0.354693439129912,0.474156682300164,0.226258813222378
moderate,-0.599887153974531,-0.32348394644309,0.074211428752467,-0.744975890507912,0.8599236404675,0.168796878524999,0.0822000380962144,0.128426052635071,-0.686009213739575,-0.496894465158879,-0.153925491755995,0.0615782103158287,-0.11987941241419,-0.0272798365043827,0.705212472989,0.732947252074597,0.462143328415584,-0.312213218941589,0.289960914320605,-0.64997497313963,-0.17654386665482,0.246591482233856,0.732702745804509,0.235473619104942,-0.146626126702035,-0.359971289081636,-0.231448184725151,0.317534859521287,-0.452647943796141,-0.143436851663804,-0.551113585980805,0.440407193547202,-0.69535750066538,-0.153364307767512,-0.25938830322971,-0.500529481343558,-0.0322195226939616,-0.168057106723782,-0.126692047016351
moderate,-0.301086578641017,-0.0391889379380088,-0.109190568080598,-0.333456429829401,0.696406049621869,0.158194925381027,0.0681088545140475,0.435640559821217,0.0776708075319268,-0.11825383246357,-0.0358786561786256,-0.0379928656067325,0.0892026306073772,0.382247930490388,0.525445143478524,0.40559661965074,0.409463192272649,-0.463573616017909,-0.154585713451332,-0.0182683773173338,0.188790974802948,-0.142990944713768,0.566215030905389,0.294646965759693,0.0358844178097762,0.054968595733014,-0.0603989329470876,0.469835247781556,0.0252326394417684,0.0136737314280782,-0.191947709041606,0.167311748576012,-0.333502531249477,-0.170900149035052,-0.293782623682188,-0.0521257021676353,0.0575173013034178,0.0954215393968607,0.0730594428211489
moderate,-0.703965914776686,-0.204468214216489,-0.312755166148529,-0.710388367341111,0.855977257217382,0.0322730154719284,0.0380715382831541,-0.0709979090446182,-0.636436427826503,-0.540182461278242,0.552459590849222,-0.253019760127219,-0.288367135735504,0.127659464900066,0.740089065736559,0.606975922534834,0.106966761047173,-0.696438696354756,0.0308726349918137,-0.64860957092202,0.296627672312711,-0.0377085812956652,0.676636500612702,0.0486568401991942,-0.102041118349821,-0.142513345905164,-0.388069791428233,0.190253546890885,-0.511848107545262,-0.0765945155141697,-0.556790351267259,0.153783062764787,-0.627492440956444,-0.449979473227981,-0.673301616837929,-0.336529025647265,0.0530618423796081,-0.052122752854196,-0.0216288431180117
moderate,0.779715422720803,0.55413871590218,0.451051353775944,0.838318055428014,-0.802623624464068,0.0304664432891229,0.243608045860577,-0.616238267625091,0.664732927708719,0.477526112993775,0.275576192760533,0.395324318553848,0.253381323819434,0.0180024012089038,-0.772832420271223,-0.696025475228701,-0.369545995277878,0.66727614237055,0.0214380523206011,0.813847426914549,-0.482424596304954,0.0770708659833623,-0.745259378291106,0.192089358920633,0.391482823881842,0.360984149204475,0.271185298712931,-0.402717650029519,0.491037380771877,0.0539466984271916,0.667352240402736,-0.0261979152115565,0.732034402821074,0.445330442199131,0.63676941495446,0.598922331479476,0.183613994232624,0.238646038550746,0.22032665692176
moderate,0.701427368114268,0.141968861728884,-0.0743563930921255,0.760332692892508,-0.567957756919196,-0.0781845618826794,-0.0552318440965308,-0.219401770714929,0.160860383818078,-0.11224799710668,-0.0437365128385909,0.187280883544449,0.0261779395468302,-0.285798764608074,-0.652915526557408,-0.603764847524996,-0.313763335054422,0.79012912211206,0.0326553050923413,0.638351890098985,-0.460633912989053,0.149611230568843,-0.617560274574956,-0.12202669913694,-0.0894410920652561,-0.0837187203347464,-0.0450294438489548,-0.100705445657739,0.366544072998656,-0.151798653222386,0.281369262970707,-0.3744882107104,0.653833703879941,0.202021470310399,0.599051316988103,0.196242243271574,0.125899385144297,-0.0024342769021525,0.0227634256928959
moderate,-0.50192760317699,0.179172028559884,0.273221154503498,-0.546772374779601,0.815525336414297,0.360474629007202,0.175237814155511,0.140900104401872,-0.445562206131994,-0.188534534042799,0.192416482127381,0.0507281894985576,-0.0302750601261238,0.313863399360443,0.756885833572971,0.642614938653137,0.471277821337984,-0.513200976126841,0.248057694444442,-0.461078972470767,0.106207302489131,0.0892474866483854,0.568936279153553,0.0015757881920193,0.0328583166467549,-0.103108463052321,-0.007618243340845,0.412585536063733,-0.104221743306362,0.122547551006724,-0.130402963791962,0.452615081038803,-0.449709602790268,-0.183289998940363,-0.610152231257033,-0.519480685386713,0.181783191057989,0.0056541790839132,0.0815220879932625
moderate,-0.0076705748628357,0.164438984158653,0.612652860813841,0.0917708828195476,0.843817369352821,0.193468621556266,0.362090200610982,0.880263509315016,0.342109039573349,0.288981420682188,0.0141658384229798,-0.0221189728285967,0.302780147781592,0.153090175411142,0.49544361358691,0.588940096701577,0.308663683034215,-0.203109429574137,0.181793922244773,-0.0068693962032343,0.242504064042251,0.0335102376151689,0.596485611610791,0.474632728369465,0.31002121674301,0.0952285115865523,0.203405970049766,0.646969879355966,0.318109262110123,0.517797174118881,-0.0088799237944355,0.275152076629645,0.0165405971611698,0.108899752188314,-0.285253097104751,0.18933091454553,0.206477625832568,0.319879073049552,0.119924381252661
severe,0.020249375551861,0.1656299102526,0.0952649582010381,0.0647820156299375,0.0758624572867784,0.0554848540039475,0.026264718359609,-0.0185157395328018,0.0681768067798818,-0.227340666116469,0.0505304371747475,-0.0147735961272474,0.0357234417184631,0.259325896315533,0.121512846129957,-0.0185398092073381,0.168337912234041,0.353720255957096,-0.0239881717228187,0.0594726588636072,0.266589482054837,-0.0651427413105041,-0.127861819030974,0.31683367238719,0.065673532563311,0.0395387980592334,0.0166725127976563,0.105521296046094,0.13003596867387,0.335576076809725,-0.0610644830511597,-0.0790319990814387,0.236712766311199,0.029211078010401,-0.279939694222739,0.215221119194984,-0.182029271386596,0.0918952404739208,-0.0048652095996206
severe,-0.722284709405169,-0.183102672807302,-0.0599831901255245,-0.707895743591961,0.78572444024625,0.04945128903419,0.107010232407353,0.000458177163595,-0.0892128444367674,-0.317361220159217,-0.18219060643155,-0.455108374105172,-0.270583036450892,-0.118269987617301,0.542413041089195,0.583234950902254,0.25530417810386,-0.330690177061507,0.332656383205854,-0.588341556153454,0.0779268931285044,-0.116388424161072,0.158735387715846,-0.180254396046384,-0.612854184526493,-0.462283882120466,-0.642790302065389,0.324036395164379,-0.163392607424549,-0.220069497189206,-0.708699897385134,-0.118513013203404,-0.75161573041466,-0.282204568987329,-0.250667491393615,-0.473961599326151,-0.551684657040741,-0.299376585085203,-0.53702291274084
severe,-0.325473697684767,-0.254236725672571,0.0261726702237554,-0.419089010221656,0.60782933947759,0.187812818829046,-0.164676585811817,-0.176717928108227,-0.0258173342607454,-0.0847556506351319,-0.112932200884379,-0.0040261937624307,-0.290404975030096,0.057705441229505,0.517626874634166,0.348628772811568,-0.134384988014498,0.0077737126109041,-0.199770612030322,-0.447322628112298,0.109912290439046,-0.0074977182875962,0.357821827694381,-0.0954182482338882,-0.212030270581604,-0.386180942196977,0.0407979224325682,0.114770832718629,-0.0360881456707165,-0.0919823410856046,-0.0754646476193881,0.190487629163509,-0.344209985149911,0.142742498198479,-0.168467095324266,-0.330381164716337,0.103899130140185,-0.114042438431443,0.0104007238677231
severe,0.417117074075041,0.41224217096788,0.486237873369968,0.45700713681818,-0.196310540143883,0.117065480083274,0.611995761987129,0.419331308152369,0.316902512758542,0.302848245956603,0.17481186713993,0.517367754703178,0.305067498029342,-0.0556953472999152,0.0125711951085444,0.0816704920350226,0.307257515723516,0.379422295412375,0.481122763795975,0.335969284212387,0.37283464466021,0.18776028162144,-0.0591153028376714,0.226536402207522,0.265711910717185,0.251463819578988,0.28746195925654,0.466766185102908,0.608696191426043,0.487705492778834,0.515151983293214,0.453535802722602,0.587641923413799,0.294715313364242,0.130864226017933,0.127559397266485,0.0625781347442179,0.700044944902412,0.245440614213698
severe,0.269629688633558,0.248303417551541,0.472665199258027,0.371593164970569,0.295552769205152,0.176766801829054,0.240137904896447,0.396318170264314,0.208214363992883,0.178923364330523,0.29611655335364,0.0060640243651491,0.353333977640411,0.0661206144766559,0.0666881449440132,0.311218562131308,0.0398546953756711,0.236844093944902,0.29839224247327,0.263207918085693,0.274467530024106,0.155044160214395,0.179795223621633,0.400488340464377,0.158008268260359,0.389524429570879,0.287413107680286,0.332551231594315,0.397420898038761,0.218538678853201,0.237953438128215,0.124166914788444,0.355461251013723,0.237679381403995,0.17990358901306,0.163182067566907,0.233425836866926,0.133845172753801,0.139563805670878
severe,0.480641459731452,0.288571865349934,0.23918358648497,0.696183000121263,-0.700470803575265,-0.0131618163205855,0.15392051805271,-0.108916450955904,0.205246639599982,0.107684567981847,0.218535159940339,0.357532497320817,0.254273305668641,0.0512000498684042,-0.56481331619864,-0.213491453630033,-0.0420572802741523,0.491677779876215,-0.0279307008381243,0.454146671856068,-0.27035729085458,0.077462041318374,-0.399525907910755,0.135766878790984,0.0339360215483336,0.205218841972947,0.278317018808073,-0.0928957561276933,0.323838337561544,0.148168462820972,0.353332656247731,0.124730030224215,0.672931239538275,0.27225616911685,0.372167615796585,0.264148935374327,0.116114608821844,0.203168422615329,0.0642461618091741
severe,0.446656513851613,0.29303281649505,0.214050455435541,0.477212386257831,-0.435593997425506,0.0457676688726261,0.0380998114510498,0.141667517985359,-0.10452832170575,0.143174288552465,0.257486672225339,0.306882243385595,0.409691249852541,-0.112337291286231,-0.251966160657923,0.0284271137860615,-0.269211268011577,0.482033343833663,0.416996600074401,0.323821450138525,0.0565060580582798,0.176205474493539,-0.0337171779464734,0.179808571655509,0.323987101084031,-0.00980251090564,-0.203644091801711,0.0507028065925592,0.699764442569865,0.592195103776176,0.390714117069673,-0.171587055298394,0.652904400584714,0.132878727031792,0.365724689121372,0.410804735259777,0.303818671075273,0.40469711833093,-0.290055231435912
severe,0.40282147646771,0.449525264008255,0.377864889566932,0.534479692231521,-0.179971643299854,0.204909388239762,0.285164692900102,0.0186782955144974,0.409950389639654,0.49391814323726,0.213881938038049,0.249273522904214,0.274078614119834,0.103864768694914,0.0697800636854647,-0.0275787131201622,0.298395957227402,0.420475140563502,0.155452793375925,0.420500349723865,0.0182460633127228,0.030817384686791,-0.0677628815626357,0.0884586621212415,0.2501384338623,0.236321749819356,0.232865144288575,0.121066898089475,0.458959753992166,0.311608589170327,0.468755318685148,0.158477097096594,0.550844120486062,0.559582703766062,0.476578002707468,0.43187214605266,0.272853322558889,0.390125178211023,0.337701806031381
severe,-0.36470930016406,-0.112133169999467,0.0936501943086785,-0.472044384239143,0.587847956580884,0.0491598553459028,0.120898148138407,0.0558428064070479,0.0329460045420222,-0.0976808494060885,-0.341868596925217,-0.128715714591633,-0.0961761955071408,-0.0962887905891564,0.414171103438851,0.399944092575376,0.197093896375915,-0.538738757378242,0.109678785261352,-0.523747621266349,0.212253011220254,-0.224367411324874,0.412589572008723,0.0246792575214417,-0.375145964245702,-0.365502362817007,-0.31253734888945,0.0199074818978045,-0.326949299183761,-0.225830713592674,-0.396511406770082,0.27978985954465,-0.39691167826214,-0.183148757282796,-0.187972185358865,-0.0626756264361927,0.136474742094412,0.13259517570947,-0.142357104156315
